{"TRIVERTEX":"x y Red Green Blue Alpha sizeof","TypedEvent":"display widget time data serialVersionUID","LineBackgroundEvent":"lineOffset lineText lineBackground serialVersionUID","JPEGFileFormat":"restartInterval frameHeader imageWidth imageHeight interleavedMcuCols interleavedMcuRows maxV maxH progressive samplePrecision nComponents frameComponents componentIds imageComponents dataUnit dataUnits precedingDCs scanHeader dataBuffer currentBitCount bufferCurrentPosition restartsToGo nextRestartNumber acHuffmanTables dcHuffmanTables quantizationTables currentByte encoderQFactor eobrun DCTSIZE DCTSIZESQR FIX_0_899976223 FIX_1_961570560 FIX_2_053119869 FIX_0_298631336 FIX_1_847759065 FIX_1_175875602 FIX_3_072711026 FIX_0_765366865 FIX_2_562915447 FIX_0_541196100 FIX_0_390180644 FIX_1_501321110 APP0 APP15 COM DAC DHP DHT DNL DRI DQT EOI EXP JPG JPG0 JPG13 RST0 RST1 RST2 RST3 RST4 RST5 RST6 RST7 SOF0 SOF1 SOF2 SOF3 SOF5 SOF6 SOF7 SOF9 SOF10 SOF11 SOF13 SOF14 SOF15 SOI SOS TEM TQI HI VI CW CH DC AC ID_Y ID_CB ID_CR ExtendTest ExtendOffset ZigZag8x8 CrRTable CbBTable CrGTable CbGTable RYTable GYTable BYTable RCbTable GCbTable BCbTable RCrTable GCrTable BCrTable NBitsTable","TextChangingEvent":"start newText replaceCharCount newCharCount replaceLineCount newLineCount serialVersionUID","PointF":"X Y sizeof","OLECMDTEXT":"cmdtextf cwActual cwBuf rgwz","Widget":"style state display eventTable data DISPOSED CANVAS KEYED_DATA DISABLED HIDDEN LAYOUT_NEEDED LAYOUT_CHANGED DEFAULT_WIDTH DEFAULT_HEIGHT MAJOR MINOR","OLE":"S_FALSE S_OK E_FAIL E_INVALIDARG E_NOINTERFACE E_NOTIMPL IID_IUNKNOWN IID_IDISPATCH OLEIVERB_DISCARDUNDOSTATE OLEIVERB_HIDE OLEIVERB_INPLACEACTIVATE OLEIVERB_OPEN OLEIVERB_PRIMARY OLEIVERB_PROPERTIES OLEIVERB_SHOW OLEIVERB_UIACTIVATE PROPERTY_CHANGING PROPERTY_CHANGED HRESULT_UNSPECIFIED ERROR_CANNOT_CREATE_FILE ERROR_CANNOT_CREATE_OBJECT ERROR_CANNOT_OPEN_FILE ERROR_INTERFACE_NOT_FOUND ERROR_INVALID_CLASSID ERROR_CANNOT_ACCESS_CLASSFACTORY ERROR_CANNOT_CREATE_LICENSED_OBJECT ERROR_OUT_OF_MEMORY ERROR_CANNOT_CHANGE_VARIANT_TYPE ERROR_INVALID_INTERFACE_ADDRESS ERROR_APPLICATION_NOT_FOUND ERROR_ACTION_NOT_PERFORMED OLECMDF_SUPPORTED OLECMDF_ENABLED OLECMDF_LATCHED OLECMDF_NINCHED OLECMDTEXTF_NONE OLECMDTEXTF_NAME OLECMDTEXTF_STATUS OLECMDEXECOPT_DODEFAULT OLECMDEXECOPT_PROMPTUSER OLECMDEXECOPT_DONTPROMPTUSER OLECMDEXECOPT_SHOWHELP OLECMDID_OPEN OLECMDID_NEW OLECMDID_SAVE OLECMDID_SAVEAS OLECMDID_SAVECOPYAS OLECMDID_PRINT OLECMDID_PRINTPREVIEW OLECMDID_PAGESETUP OLECMDID_SPELL OLECMDID_PROPERTIES OLECMDID_CUT OLECMDID_COPY OLECMDID_PASTE OLECMDID_PASTESPECIAL OLECMDID_UNDO OLECMDID_REDO OLECMDID_SELECTALL OLECMDID_CLEARSELECTION OLECMDID_ZOOM OLECMDID_GETZOOMRANGE OLECMDID_UPDATECOMMANDS OLECMDID_REFRESH OLECMDID_STOP OLECMDID_HIDETOOLBARS OLECMDID_SETPROGRESSMAX OLECMDID_SETPROGRESSPOS OLECMDID_SETPROGRESSTEXT OLECMDID_SETTITLE OLECMDID_SETDOWNLOADSTATE OLECMDID_STOPDOWNLOAD VARFLAG_FREADONLY VARFLAG_FSOURCE VARFLAG_FBINDABLE VARFLAG_FREQUESTEDIT VARFLAG_FDISPLAYBIND VARFLAG_FDEFAULTBIND VARFLAG_FHIDDEN VARFLAG_FRESTRICTED VARFLAG_FDEFAULTCOLLELEM VARFLAG_FUIDEFAULT VARFLAG_FNONBROWSABLE VARFLAG_FREPLACEABLE VARFLAG_FIMMEDIATEBIND VAR_PERINSTANCE VAR_STATIC VAR_CONST VAR_DISPATCH IDLFLAG_NONE IDLFLAG_FIN IDLFLAG_FOUT IDLFLAG_FLCID IDLFLAG_FRETVAL VT_BOOL VT_BSTR VT_BYREF VT_CY VT_DATE VT_DISPATCH VT_EMPTY VT_ERROR VT_I2 VT_I4 VT_NULL VT_R4 VT_R8 VT_UI1 VT_UI4 VT_UNKNOWN VT_VARIANT VT_PTR VT_USERDEFINED VT_HRESULT VT_DECIMAL VT_I1 VT_UI2 VT_I8 VT_UI8 VT_INT VT_UINT VT_VOID VT_SAFEARRAY VT_CARRAY VT_LPSTR VT_LPWSTR VT_RECORD VT_FILETIME VT_BLOB VT_STREAM VT_STORAGE VT_STREAMED_OBJECT VT_STORED_OBJECT VT_BLOB_OBJECT VT_CF VT_CLSID VT_VERSIONED_STREAM VT_BSTR_BLOB VT_VECTOR VT_ARRAY INVOKE_FUNC INVOKE_PROPERTYGET INVOKE_PROPERTYPUT INVOKE_PROPERTYPUTREF FUNC_VIRTUAL FUNC_PUREVIRTUAL FUNC_NONVIRTUAL FUNC_STATIC FUNC_DISPATCH FUNCFLAG_FRESTRICTED FUNCFLAG_FSOURCE FUNCFLAG_FBINDABLE FUNCFLAG_FREQUESTEDIT FUNCFLAG_FDISPLAYBIND FUNCFLAG_FDEFAULTBIND FUNCFLAG_FHIDDEN FUNCFLAG_FUSESGETLASTERROR FUNCFLAG_FDEFAULTCOLLELEM FUNCFLAG_FUIDEFAULT FUNCFLAG_FNONBROWSABLE FUNCFLAG_FREPLACEABLE FUNCFLAG_FIMMEDIATEBIND CC_FASTCALL CC_CDECL CC_MSCPASCAL CC_PASCAL CC_MACPASCAL CC_STDCALL CC_FPFASTCALL CC_SYSCALL CC_MPWCDECL CC_MPWPASCAL CC_MAX ERROR_NOT_IMPLEMENTED_MSG ERROR_CANNOT_CREATE_FILE_MSG ERROR_CANNOT_CREATE_OBJECT_MSG ERROR_CANNOT_OPEN_FILE_MSG ERROR_INTERFACE_NOT_FOUND_MSG ERROR_INVALID_CLASSID_MSG ERROR_CANNOT_ACCESS_CLASSFACTORY_MSG ERROR_CANNOT_CREATE_LICENSED_OBJECT_MSG ERROR_OUT_OF_MEMORY_MSG ERROR_CANNOT_CHANGE_VARIANT_TYPE_MSG ERROR_INVALID_INTERFACE_ADDRESS_MSG ERROR_APPLICATION_NOT_FOUND_MSG ERROR_ACTION_NOT_PERFORMED_MSG","COMObject":"ppVtable MAX_ARG_COUNT MAX_VTABLE_LENGTH Callbacks ObjectMap","RTFTransfer":"_instance CF_RTF CF_RTFID","CTabItem":"parent x y width height control toolTipText shortenedText shortenedTextWidth font disabledImage closeRect closeImageState showClose showing TOP_MARGIN BOTTOM_MARGIN LEFT_MARGIN RIGHT_MARGIN INTERNAL_SPACING FLAGS ELLIPSIS","DOCINFO":"cbSize lpszDocName lpszOutput lpszDatatype fwType sizeof","FORMATETC":"cfFormat ptd dwAspect lindex tymed sizeof","CoolBar":"items originalItems locked ignoreResize ReBarProc ReBarClass SEPARATOR_WIDTH MAX_WIDTH","ICONINFO":"fIcon xHotspot yHotspot hbmMask hbmColor sizeof","Button":"text image image2 imageList ignoreMouse ButtonProc ButtonClass SCROLLBAR CHECK_WIDTH CHECK_HEIGHT ICON_WIDTH ICON_HEIGHT","SHELLEXECUTEINFO":"cbSize fMask hwnd lpVerb lpFile lpParameters lpDirectory nShow hInstApp lpIDList lpClass hkeyClass dwHotKey hIcon hProcess sizeof","DeviceData":"debug tracking errors objects","OlePropertyChangeSink":"controlSite iUnknown iPropertyNotifySink refCount propertyCookie eventTable","SCROLLINFO":"cbSize fMask nMin nMax nPage nPos nTrackPos sizeof","OlePropertyDescription":"id name type flags kind description helpFile","Rect":"X Y Width Height sizeof","LOGFONTA":"lfFaceName sizeof","SIZE":"cx cy sizeof","PngHuffmanTables":"literalTable distanceTable FixedLiteralTable FixedDistanceTable LiteralTableSize FixedLiteralLengths DistanceTableSize FixedDistanceLengths LengthCodeTableSize LengthCodeOrder","ViewForm":"marginWidth marginHeight horizontalSpacing verticalSpacing borderInsideRGB borderMiddleRGB borderOutsideRGB topLeft topCenter topRight content separateTopCenter showBorder separator borderTop borderBottom borderLeft borderRight highlight oldSize selectionBackground OFFSCREEN BORDER1_COLOR SELECTION_BACKGROUND","PRINTDLG":"lStructSize hwndOwner hDevMode hDevNames hDC Flags nFromPage nToPage nMinPage nMaxPage nCopies hInstance lCustData lpfnPrintHook lpfnSetupHook lpPrintTemplateName lpSetupTemplateName hPrintTemplate hSetupTemplate sizeof","NMREBARCHILDSIZE":"uBand wID rcChild_left rcChild_top rcChild_right rcChild_bottom rcBand_left rcBand_top rcBand_right rcBand_bottom sizeof","COMPOSITIONFORM":"dwStyle x y left top right bottom sizeof","Compatibility":"PI toRadians msgs","Link":"text layout linkColor linkDisabledColor offsets selection ids mnemonics focusIndex font LINK_FOREGROUND LinkProc LinkClass","MENUINFO":"cbSize fMask dwStyle cyMax hbrBack dwContextHelpID dwMenuData sizeof","Group":"CLIENT_INSET GroupProc GroupClass","LOGFONT":"lfHeight lfWidth lfEscapement lfOrientation lfWeight lfItalic lfUnderline lfStrikeOut lfCharSet lfOutPrecision lfClipPrecision lfQuality lfPitchAndFamily sizeof","SHACTIVATEINFO":"cbSize hwndLastFocus fSipUp fSipOnDeactivation fActive fReserved sizeof","OleFrame":"iUnknown iOleInPlaceFrame objIOleInPlaceActiveObject currentdoc refCount fileMenuItems containerMenuItems windowMenuItems listener CHECK_FOCUS HHOOK HHOOKMSG","SHRGINFO":"cbSize hwndClient ptDown_x ptDown_y dwFlags sizeof","FontDialog":"fontData rgb","AccessibleControlEvent":"childID accessible x y width height detail result children serialVersionUID","Spinner":"hwndText hwndUpDown ignoreModify pageIncrement digits EditProc EditClass UpDownProc UpDownClass","StyleRange":"start length foreground background fontStyle underline strikeout","WrappedContent":"LINE_OFFSET LINE_LENGTH renderer logicalContent visualLines visualLineCount","LOGFONTW":"lfFaceName sizeof","LVHITTESTINFO":"x y flags iItem iSubItem sizeof","TOOLINFO":"cbSize uFlags hwnd uId left top right bottom hinst lpszText lParam sizeof","TVHITTESTINFO":"x y flags hItem sizeof","BUTTON_IMAGELIST":"himl margin_left margin_top margin_right margin_bottom uAlign sizeof","AccessibleTextEvent":"childID offset length serialVersionUID","Font":"handle","DisplayRenderer":"parent topIndex layouts","OLEINPLACEFRAMEINFO":"cb fMDIApp hwndFrame haccel cAccelEntries sizeof","TransferData":"type formatetc stgmedium result pIDataObject","SWTEventObject":"serialVersionUID","TBBUTTONINFO":"cbSize dwMask idCommand iImage fsState fsStyle cx lParam pszText cchText sizeof","ProgressBar":"DELAY TIMER_ID MINIMUM_WIDTH ProgressBarProc ProgressBarClass","VerifyEvent":"start end text serialVersionUID","BidiUtil":"KEYBOARD_NON_BIDI KEYBOARD_BIDI isBidiPlatform CLASSIN LINKBEFORE LINKAFTER languageMap keyMap oldProcMap CLASS_NAME callback GCP_REORDER GCP_GLYPHSHAPE GCP_LIGATE GCP_CLASSIN GCPCLASS_ARABIC GCPCLASS_HEBREW GCPCLASS_LOCALNUMBER GCPCLASS_LATINNUMBER GCPGLYPH_LINKBEFORE GCPGLYPH_LINKAFTER ETO_CLIPPED ETO_GLYPH_INDEX LANG_ARABIC LANG_HEBREW CD_PG_HEBREW CD_PG_ARABIC HKL_NEXT HKL_PREV CLASS_HEBREW CLASS_ARABIC CLASS_LOCALNUMBER CLASS_LATINNUMBER REORDER LIGATE GLYPHSHAPE","GCData":"device style image foreground background hPen lineWidth dashes hBrush hFont hNullBitmap hwnd ps layout alpha gdipGraphics gdipPen gdipBrush foregroundPattern backgroundPattern","Path":"handle currentPoint startPoint","FormLayout":"marginWidth marginHeight marginLeft marginTop marginRight marginBottom spacing","ACC":"STATE_NORMAL STATE_SELECTED STATE_SELECTABLE STATE_MULTISELECTABLE STATE_FOCUSED STATE_FOCUSABLE STATE_PRESSED STATE_CHECKED STATE_EXPANDED STATE_COLLAPSED STATE_HOTTRACKED STATE_BUSY STATE_READONLY STATE_INVISIBLE STATE_OFFSCREEN STATE_SIZEABLE STATE_LINKED ROLE_CLIENT_AREA ROLE_WINDOW ROLE_MENUBAR ROLE_MENU ROLE_MENUITEM ROLE_SEPARATOR ROLE_TOOLTIP ROLE_SCROLLBAR ROLE_DIALOG ROLE_LABEL ROLE_PUSHBUTTON ROLE_CHECKBUTTON ROLE_RADIOBUTTON ROLE_COMBOBOX ROLE_TEXT ROLE_TOOLBAR ROLE_LIST ROLE_LISTITEM ROLE_TABLE ROLE_TABLECELL ROLE_TABLECOLUMNHEADER ROLE_TABLECOLUMN ROLE_TABLEROWHEADER ROLE_TREE ROLE_TREEITEM ROLE_TABFOLDER ROLE_TABITEM ROLE_PROGRESSBAR ROLE_SLIDER ROLE_LINK CHILDID_SELF CHILDID_NONE CHILDID_MULTIPLE TEXT_INSERT TEXT_DELETE","ST":"LINE_UP LINE_DOWN LINE_START LINE_END COLUMN_PREVIOUS COLUMN_NEXT PAGE_UP PAGE_DOWN WORD_PREVIOUS WORD_NEXT TEXT_START TEXT_END WINDOW_START WINDOW_END SELECT_ALL SELECT_LINE_UP SELECT_LINE_DOWN SELECT_LINE_START SELECT_LINE_END SELECT_COLUMN_PREVIOUS SELECT_COLUMN_NEXT SELECT_PAGE_UP SELECT_PAGE_DOWN SELECT_WORD_PREVIOUS SELECT_WORD_NEXT SELECT_TEXT_START SELECT_TEXT_END SELECT_WINDOW_START SELECT_WINDOW_END CUT COPY PASTE DELETE_PREVIOUS DELETE_NEXT DELETE_WORD_PREVIOUS DELETE_WORD_NEXT TOGGLE_OVERWRITE","LEDataOutputStream":"out","MouseEvent":"button stateMask x y serialVersionUID","LVCOLUMN":"mask fmt cx pszText cchTextMax iSubItem iImage iOrder sizeof","TreeEditor":"tree item column columnListener treeListener runnable","Composite":"layout font lpwp tabList layoutCount","CTabFolderEvent":"item doit x y width height serialVersionUID","MONITORINFO":"cbSize rcMonitor_left rcMonitor_top rcMonitor_right rcMonitor_bottom rcWork_left rcWork_top rcWork_right rcWork_bottom dwFlags sizeof","DragSource":"control controlListener transferAgents iDropSource iDataObject refCount dataEffect DRAGSOURCEID CFSTR_PERFORMEDDROPEFFECT","MessageBox":"message","RectF":"X Y Width Height sizeof","StyledTextPrintOptions":"PAGE_TAG SEPARATOR header footer jobName printTextForeground printTextBackground printTextFontStyle printLineBackground","SWT":"None KeyDown KeyUp MouseDown MouseUp MouseMove MouseEnter MouseExit MouseDoubleClick Paint Move Resize Dispose Selection DefaultSelection FocusIn FocusOut Expand Collapse Iconify Deiconify Close Show Hide Modify Verify Activate Deactivate Help DragDetect Arm Traverse MouseHover HardKeyDown HardKeyUp MenuDetect SetData MouseWheel NONE DRAG NULL DEFAULT OFF ON LOW HIGH BAR DROP_DOWN POP_UP SEPARATOR TOGGLE ARROW PUSH RADIO CHECK CASCADE MULTI SINGLE READ_ONLY WRAP SIMPLE PASSWORD SHADOW_IN SHADOW_OUT SHADOW_ETCHED_IN SHADOW_ETCHED_OUT SHADOW_NONE INDETERMINATE TOOL NO_TRIM RESIZE TITLE CLOSE MENU MIN MAX H_SCROLL V_SCROLL BORDER CLIP_CHILDREN CLIP_SIBLINGS ON_TOP SHELL_TRIM DIALOG_TRIM MODELESS PRIMARY_MODAL APPLICATION_MODAL SYSTEM_MODAL HIDE_SELECTION FULL_SELECTION FLAT SMOOTH NO_BACKGROUND NO_FOCUS NO_REDRAW_RESIZE NO_MERGE_PAINTS NO_RADIO_GROUP LEFT_TO_RIGHT RIGHT_TO_LEFT MIRRORED EMBEDDED VIRTUAL DOUBLE_BUFFERED UP TOP DOWN BOTTOM LEAD LEFT TRAIL RIGHT CENTER HORIZONTAL VERTICAL BEGINNING FILL DBCS ALPHA NATIVE PHONETIC ROMAN BS CR DEL ESC LF TAB ALT SHIFT CTRL CONTROL COMMAND MODIFIER_MASK BUTTON1 BUTTON2 BUTTON3 BUTTON4 BUTTON5 BUTTON_MASK MOD1 MOD2 MOD3 MOD4 SCROLL_LINE SCROLL_PAGE KEYCODE_BIT KEY_MASK ARROW_UP ARROW_DOWN ARROW_LEFT ARROW_RIGHT PAGE_UP PAGE_DOWN HOME END INSERT F1 F2 F3 F4 F5 F6 F7 F8 F9 F10 F11 F12 F13 F14 F15 KEYPAD_MULTIPLY KEYPAD_ADD KEYPAD_SUBTRACT KEYPAD_DECIMAL KEYPAD_DIVIDE KEYPAD_0 KEYPAD_1 KEYPAD_2 KEYPAD_3 KEYPAD_4 KEYPAD_5 KEYPAD_6 KEYPAD_7 KEYPAD_8 KEYPAD_9 KEYPAD_EQUAL KEYPAD_CR HELP CAPS_LOCK NUM_LOCK SCROLL_LOCK PAUSE BREAK PRINT_SCREEN ICON_ERROR ICON_INFORMATION ICON_QUESTION ICON_WARNING ICON_WORKING OK YES NO CANCEL ABORT RETRY IGNORE OPEN SAVE COLOR_WHITE COLOR_BLACK COLOR_RED COLOR_DARK_RED COLOR_GREEN COLOR_DARK_GREEN COLOR_YELLOW COLOR_DARK_YELLOW COLOR_BLUE COLOR_DARK_BLUE COLOR_MAGENTA COLOR_DARK_MAGENTA COLOR_CYAN COLOR_DARK_CYAN COLOR_GRAY COLOR_DARK_GRAY COLOR_WIDGET_DARK_SHADOW COLOR_WIDGET_NORMAL_SHADOW COLOR_WIDGET_LIGHT_SHADOW COLOR_WIDGET_HIGHLIGHT_SHADOW COLOR_WIDGET_FOREGROUND COLOR_WIDGET_BACKGROUND COLOR_WIDGET_BORDER COLOR_LIST_FOREGROUND COLOR_LIST_BACKGROUND COLOR_LIST_SELECTION COLOR_LIST_SELECTION_TEXT COLOR_INFO_FOREGROUND COLOR_INFO_BACKGROUND COLOR_TITLE_FOREGROUND COLOR_TITLE_BACKGROUND COLOR_TITLE_BACKGROUND_GRADIENT COLOR_TITLE_INACTIVE_FOREGROUND COLOR_TITLE_INACTIVE_BACKGROUND COLOR_TITLE_INACTIVE_BACKGROUND_GRADIENT DRAW_TRANSPARENT DRAW_DELIMITER DRAW_TAB DRAW_MNEMONIC ERROR_UNSPECIFIED ERROR_NO_HANDLES ERROR_NO_MORE_CALLBACKS ERROR_NULL_ARGUMENT ERROR_INVALID_ARGUMENT ERROR_INVALID_RANGE ERROR_CANNOT_BE_ZERO ERROR_CANNOT_GET_ITEM ERROR_CANNOT_GET_SELECTION ERROR_CANNOT_INVERT_MATRIX ERROR_CANNOT_GET_ITEM_HEIGHT ERROR_CANNOT_GET_TEXT ERROR_CANNOT_SET_TEXT ERROR_ITEM_NOT_ADDED ERROR_ITEM_NOT_REMOVED ERROR_NO_GRAPHICS_LIBRARY ERROR_NOT_IMPLEMENTED ERROR_MENU_NOT_DROP_DOWN ERROR_THREAD_INVALID_ACCESS ERROR_WIDGET_DISPOSED ERROR_MENUITEM_NOT_CASCADE ERROR_CANNOT_SET_SELECTION ERROR_CANNOT_SET_MENU ERROR_CANNOT_SET_ENABLED ERROR_CANNOT_GET_ENABLED ERROR_INVALID_PARENT ERROR_MENU_NOT_BAR ERROR_CANNOT_GET_COUNT ERROR_MENU_NOT_POP_UP ERROR_UNSUPPORTED_DEPTH ERROR_IO ERROR_INVALID_IMAGE ERROR_UNSUPPORTED_FORMAT ERROR_INVALID_SUBCLASS ERROR_GRAPHIC_DISPOSED ERROR_DEVICE_DISPOSED ERROR_FAILED_EXEC ERROR_FAILED_LOAD_LIBRARY ERROR_INVALID_FONT TRAVERSE_NONE TRAVERSE_ESCAPE TRAVERSE_RETURN TRAVERSE_TAB_PREVIOUS TRAVERSE_TAB_NEXT TRAVERSE_ARROW_PREVIOUS TRAVERSE_ARROW_NEXT TRAVERSE_MNEMONIC TRAVERSE_PAGE_PREVIOUS TRAVERSE_PAGE_NEXT BITMAP ICON IMAGE_COPY IMAGE_DISABLE IMAGE_GRAY NORMAL BOLD ITALIC CURSOR_ARROW CURSOR_WAIT CURSOR_CROSS CURSOR_APPSTARTING CURSOR_HELP CURSOR_SIZEALL CURSOR_SIZENESW CURSOR_SIZENS CURSOR_SIZENWSE CURSOR_SIZEWE CURSOR_SIZEN CURSOR_SIZES CURSOR_SIZEE CURSOR_SIZEW CURSOR_SIZENE CURSOR_SIZESE CURSOR_SIZESW CURSOR_SIZENW CURSOR_UPARROW CURSOR_IBEAM CURSOR_NO CURSOR_HAND CAP_FLAT CAP_ROUND CAP_SQUARE JOIN_MITER JOIN_ROUND JOIN_BEVEL LINE_SOLID LINE_DASH LINE_DOT LINE_DASHDOT LINE_DASHDOTDOT LINE_CUSTOM PATH_MOVE_TO PATH_LINE_TO PATH_QUAD_TO PATH_CUBIC_TO PATH_CLOSE FILL_EVEN_ODD FILL_WINDING IMAGE_UNDEFINED IMAGE_BMP IMAGE_BMP_RLE IMAGE_GIF IMAGE_ICO IMAGE_JPEG IMAGE_PNG IMAGE_TIFF IMAGE_OS2_BMP DM_UNSPECIFIED DM_FILL_NONE DM_FILL_BACKGROUND DM_FILL_PREVIOUS TRANSPARENCY_NONE TRANSPARENCY_ALPHA TRANSPARENCY_MASK TRANSPARENCY_PIXEL MOVEMENT_CHAR MOVEMENT_CLUSTER MOVEMENT_WORD","PngChunkReader":"inputStream readState headerChunk paletteChunk","WindowEvent":"required browser location size addressBar menuBar statusBar toolBar serialVersionUID","TYPEATTR":"guid_Data1 guid_Data2 guid_Data3 guid_Data4 lcid dwReserved memidConstructor memidDestructor lpstrSchema cbSizeInstance typekind cFuncs cVars cImplTypes cbSizeVft cbAlignment wTypeFlags wMajorVerNum wMinorVerNum tdescAlias_unionField tdescAlias_vt idldescType_dwReserved idldescType_wIDLFlags sizeof","ToolBar":"lastFocusId items ignoreResize ignoreMouse imageList disabledImageList hotImageList ToolBarProc ToolBarClass DEFAULT_WIDTH DEFAULT_HEIGHT","Event":"display widget type detail item gc x y width height count time button character keyCode stateMask start end text doit data","JPEGSegment":"reference","PngTrnsChunk":"TRANSPARENCY_TYPE_PIXEL TRANSPARENCY_TYPE_ALPHAS","Display":"msg eventQueue windowCallback windowProc threadId windowClass windowShadowClass WindowClassCount WindowName WindowShadowName eventTable filterTable freeSlot indexTable controlTable GROW_SIZE SWT_OBJECT_INDEX USE_PROPERTY focusEvent focusControl bars popups items ID_START msgFilterCallback msgFilterProc filterHook hookMsg ignoreMsgFilter foregroundIdleCallback foregroundIdleProc idleHook getMsgCallback embeddedCallback getMsgProc msgHook embeddedHwnd embeddedProc AWT_WINDOW_CLASS synchronizer thread disposeList tray nextTrayId timerIds timerList nextTimerId lastKey lastAscii lastMouse lastVirtual lastNull lastDead keyboard accelKeyHit mnemonicKeyHit lockActiveWindow captureChanged ignoreRestoreFocus lastHittestControl lastHittest messageCallback hwndMessage messageProc systemFonts errorIcon infoIcon questionIcon warningIcon cursors imageList toolImageList toolHotImageList toolDisabledImageList lpCustColors data keys values KeyTable Default Displays monitors monitorCount modalShells modalDialogShell TrimEnabled SWT_GETACCELCOUNT SWT_GETACCEL SWT_KEYMSG SWT_DESTROY SWT_TRAYICONMSG SWT_NULL SWT_TASKBARCREATED hitCount PACKAGE_PREFIX","TextTransfer":"_instance CF_UNICODETEXT CF_TEXT CF_UNICODETEXTID CF_TEXTID","Tracker":"parent tracking cancelled stippled rectangles proportions bounds resizeCursor clientCursor cursorOrientation inEvent oldProc oldX oldY STEPSIZE_SMALL STEPSIZE_LARGE","ControlEditor":"horizontalAlignment grabHorizontal minimumWidth verticalAlignment grabVertical minimumHeight parent editor hadFocus tableListener scrollbarListener","CTabFolder":"marginWidth marginHeight MIN_TAB_WIDTH borderInsideRGB borderMiddleRGB borderOutsideRGB xClient yClient onBottom single simple fixedTabHeight tabHeight minChars items firstIndex selectedIndex priority mru folderListeners tabListeners selectionBgImage selectionGradientColors selectionGradientPercents selectionGradientVertical selectionForeground selectionBackground bgImage gradientColors gradientPercents gradientVertical showUnselectedImage borderColor showClose showUnselectedClose chevronRect chevronImageState showChevron showMenu showMin minRect minimized minImageState showMax maxRect maximized maxImageState topRight topRightRect topRightAlignment borderLeft borderRight borderTop borderBottom highlight_margin highlight_header curve curveWidth curveIndent inDispose oldSize oldFont toolTipEvents toolTipListener toolTipShell toolTipLabel DEFAULT_WIDTH DEFAULT_HEIGHT BUTTON_SIZE TOP_LEFT_CORNER TOP_RIGHT_CORNER BOTTOM_LEFT_CORNER BOTTOM_RIGHT_CORNER SIMPLE_TOP_LEFT_CORNER SIMPLE_TOP_RIGHT_CORNER SIMPLE_BOTTOM_LEFT_CORNER SIMPLE_BOTTOM_RIGHT_CORNER SELECTION_FOREGROUND SELECTION_BACKGROUND BORDER1_COLOR FOREGROUND BACKGROUND BUTTON_BORDER BUTTON_FILL NONE NORMAL HOT SELECTED CLOSE_FILL","STATSTG":"pwcsName type cbSize mtime_dwLowDateTime mtime_dwHighDateTime ctime_dwLowDateTime ctime_dwHighDateTime atime_dwLowDateTime atime_dwHighDateTime grfMode grfLocksSupported clsid_Data1 clsid_Data2 clsid_Data3 clsid_Data4 grfStateBits reserved sizeof","DIBSECTION":"biSize biWidth biHeight biPlanes biBitCount biCompression biSizeImage biXPelsPerMeter biYPelsPerMeter biClrUsed biClrImportant dsBitfields0 dsBitfields1 dsBitfields2 dshSection dsOffset sizeof","PngLzBlockReader":"isLastBlock compressionType uncompressedBytesRemaining stream huffmanTables window windowIndex copyIndex copyBytesRemaining UNCOMPRESSED COMPRESSED_FIXED COMPRESSED_DYNAMIC END_OF_COMPRESSED_BLOCK FIRST_LENGTH_CODE LAST_LENGTH_CODE FIRST_DISTANCE_CODE LAST_DISTANCE_CODE FIRST_CODE_LENGTH_CODE LAST_CODE_LENGTH_CODE lengthBases extraLengthBits distanceBases extraDistanceBits","TableTree":"table items plusImage minusImage sizeImage inDispose EMPTY_ITEMS EMPTY_TEXTS EMPTY_IMAGES ITEMID","Label":"text image image2 font hCopiedBitmap LabelProc LabelClass ICON_WIDTH ICON_HEIGHT","OleEvent":"type widget detail doit arguments","ShellEvent":"doit serialVersionUID","Combo":"noSelection ignoreModify ignoreCharacter visibleCount LIMIT CBID_LIST CBID_EDIT EditProc ListProc ComboProc ComboClass","SCRIPT_ANALYSIS":"eScript fRTL fLayoutRTL fLinkBefore fLinkAfter fLogicalOrder fNoGlyphIndex s sizeof","ProgressEvent":"current total serialVersionUID","NMLVDISPINFO":"mask iItem iSubItem state stateMask pszText cchTextMax iImage lParam iIndent sizeof","JPEGScanHeader":"componentParameters","TreeEvent":"serialVersionUID","FILETIME":"dwLowDateTime dwHighDateTime sizeof","TextStyle":"font foreground background underline strikeout","ImageData":"width height depth scanlinePad bytesPerLine data palette transparentPixel maskData maskPad alphaData alpha type x y disposalMethod delayTime ANY_TO_EIGHT ONE_TO_ONE_MAPPING DITHER_MATRIX BLIT_SRC BLIT_ALPHA BLIT_DITHER ALPHA_OPAQUE ALPHA_TRANSPARENT ALPHA_CHANNEL_SEPARATE ALPHA_CHANNEL_SOURCE ALPHA_MASK_UNPACKED ALPHA_MASK_PACKED ALPHA_MASK_INDEX ALPHA_MASK_RGB LSB_FIRST MSB_FIRST TYPE_GENERIC_8 TYPE_GENERIC_16_MSB TYPE_GENERIC_16_LSB TYPE_GENERIC_24 TYPE_GENERIC_32_MSB TYPE_GENERIC_32_LSB TYPE_INDEX_8 TYPE_INDEX_4 TYPE_INDEX_2 TYPE_INDEX_1_MSB TYPE_INDEX_1_LSB","Dialog":"style parent title","OPENFILENAME":"lStructSize hwndOwner hInstance lpstrFilter lpstrCustomFilter nMaxCustFilter nFilterIndex lpstrFile nMaxFile lpstrFileTitle nMaxFileTitle lpstrInitialDir lpstrTitle Flags nFileOffset nFileExtension lpstrDefExt lCustData lpfnHook lpTemplateName sizeof","SelectionEvent":"item detail x y width height stateMask text doit serialVersionUID","List":"ListProc ListClass","REBARBANDINFO":"cbSize fMask fStyle clrFore clrBack lpText cch iImage hwndChild cxMinChild cyMinChild cx hbmBack wID cyChild cyMaxChild cyIntegral cxIdeal lParam cxHeader sizeof","FormAttachment":"numerator denominator offset control alignment","TRACKMOUSEEVENT":"cbSize dwFlags hwndTrack dwHoverTime sizeof","DISPPARAMS":"rgvarg rgdispidNamedArgs cArgs cNamedArgs sizeof","TVITEM":"mask hItem state stateMask pszText cchTextMax iImage iSelectedImage cChildren lParam sizeof","TIFFModifiedHuffmanCodec":"BLACK_CODE WHITE_CODE BLACK_MIN_BITS WHITE_MIN_BITS isWhite whiteValue blackValue src dest byteOffsetSrc bitOffsetSrc byteOffsetDest bitOffsetDest code nbrBits rowSize","FormData":"width height left right top bottom cacheWidth cacheHeight defaultWhint defaultHhint defaultWidth defaultHeight currentWhint currentHhint currentWidth currentHeight cacheLeft cacheRight cacheTop cacheBottom isVisited needed","NMCUSTOMDRAW":"dwDrawStage hdc left top right bottom dwItemSpec uItemState lItemlParam sizeof","LOGBRUSH":"lbStyle lbColor lbHatch sizeof","WNDCLASS":"style lpfnWndProc cbClsExtra cbWndExtra hInstance hIcon hCursor hbrBackground lpszMenuName lpszClassName sizeof","Program":"name command iconName","OleParameterDescription":"name flags type","BLENDFUNCTION":"BlendOp BlendFlags SourceConstantAlpha AlphaFormat sizeof","Color":"handle","Canvas":"caret","GUID":"Data1 Data2 Data3 Data4 sizeof","LICINFO":"cbLicInfo fRuntimeKeyAvail fLicVerified sizeof","MARGINS":"cxLeftWidth cxRightWidth cyTopHeight cyBottomHeight sizeof","OleFunctionDescription":"id name args optionalArgCount returnType invokeKind funcKind flags callingConvention documentation helpFile","MENUITEMINFO":"cbSize fMask fType fState wID hSubMenu hbmpChecked hbmpUnchecked dwItemData dwTypeData cch hbmpItem sizeof","TreeDragUnderEffect":"tree dropIndex scrollIndex scrollBeginTime expandIndex expandBeginTime clearInsert SCROLL_HYSTERESIS EXPAND_HYSTERESIS","RGB":"red green blue serialVersionUID","TIFFDirectory":"file isLittleEndian loader depth imageWidth imageLength bitsPerSample compression photometricInterpretation stripOffsets samplesPerPixel rowsPerStrip stripByteCounts t4Options colorMapOffset image out NO_VALUE TAG_ImageWidth TAG_ImageLength TAG_BitsPerSample TAG_Compression TAG_PhotometricInterpretation TAG_StripOffsets TAG_SamplesPerPixel TAG_RowsPerStrip TAG_StripByteCounts TAG_XResolution TAG_YResolution TAG_T4Options TAG_ResolutionUnit TAG_ColorMap TYPE_BYTE TYPE_ASCII TYPE_SHORT TYPE_LONG TYPE_RATIONAL COMPRESSION_NONE COMPRESSION_CCITT_3_1 COMPRESSION_PACKBITS IFD_ENTRY_SIZE","GdiplusStartupInput":"GdiplusVersion DebugEventCallback SuppressBackgroundThread SuppressExternalCodecs sizeof","TabItem":"parent control toolTipText","HDITEM":"mask cxy pszText hbm cchTextMax fmt lParam iImage iOrder sizeof","IUnknown":"address","PrintRenderer":"logicalContent content clientArea gc lineBackgrounds lineStyles bidiSegments","WebSite":"iDocHostUIHandler iDocHostShowUI iServiceProvider iInternetSecurityManager iOleCommandTarget OLECMDID_SHOWSCRIPTERROR","Region":"handle","Caret":"parent x y width height moved resized isVisible image font oldFont","DefaultLineStyler":"content styles styleCount lineExpandExp lineCount lineBackgrounds","CLabel":"GAP INDENT ELLIPSIS align hIndent vIndent text image appToolTipText backgroundImage gradientColors gradientPercents gradientVertical DRAW_FLAGS","SCRIPT_FONTPROPERTIES":"cBytes wgBlank wgDefault wgInvalid wgKashida iKashidaWidth sizeof","JPEGQuantizationTable":"DefaultLuminanceQTable DefaultChrominanceQTable","Slider":"increment pageIncrement ScrollBarProc ScrollBarClass","COMBOBOXINFO":"cbSize itemLeft itemTop itemRight itemBottom buttonLeft buttonTop buttonRight buttonBottom stateButton hwndCombo hwndItem hwndList sizeof","Gdip":"BrushTypeSolidColor BrushTypeHatchFill BrushTypeTextureFill BrushTypePathGradient BrushTypeLinearGradient CombineModeReplace CombineModeIntersect CombineModeUnion CombineModeXor CombineModeExclude CombineModeComplement FillModeAlternate FillModeWinding DashCapFlat DashCapRound DashCapTriangle DashStyleSolid DashStyleDash DashStyleDot DashStyleDashDot DashStyleDashDotDot DashStyleCustom FontStyleRegular FontStyleBold FontStyleItalic FontStyleBoldItalic FontStyleUnderline FontStyleStrikeout FlushIntentionFlush FlushIntentionSync HotkeyPrefixNone HotkeyPrefixShow HotkeyPrefixHide LineJoinMiter LineJoinBevel LineJoinRound LineCapFlat LineCapSquare LineCapRound MatrixOrderPrepend MatrixOrderAppend QualityModeDefault QualityModeLow QualityModeHigh InterpolationModeDefault InterpolationModeLowQuality InterpolationModeHighQuality InterpolationModeBilinear InterpolationModeBicubic InterpolationModeNearestNeighbor InterpolationModeHighQualityBilinear InterpolationModeHighQualityBicubic PathPointTypeStart PathPointTypeLine PathPointTypeBezier PathPointTypePathTypeMask PathPointTypePathDashMode PathPointTypePathMarker PathPointTypeCloseSubpath PathPointTypeBezier3 PixelFormatIndexed PixelFormatGDI PixelFormatAlpha PixelFormatPAlpha PixelFormatExtended PixelFormatCanonical PixelFormat1bppIndexed PixelFormat4bppIndexed PixelFormat8bppIndexed PixelFormat16bppGrayScale PixelFormat16bppRGB555 PixelFormat16bppRGB565 PixelFormat16bppARGB1555 PixelFormat24bppRGB PixelFormat32bppRGB PixelFormat32bppARGB PixelFormat32bppPARGB PixelFormat48bppRGB PixelFormat64bppARGB PixelFormat64bppPARGB PixelFormatMax PixelOffsetModeNone PixelOffsetModeHalf SmoothingModeDefault SmoothingModeHighSpeed SmoothingModeHighQuality SmoothingModeNone SmoothingModeAntiAlias8x4 SmoothingModeAntiAlias SmoothingModeAntiAlias8x8 StringFormatFlagsDirectionRightToLeft StringFormatFlagsDirectionVertical StringFormatFlagsNoFitBlackBox StringFormatFlagsDisplayFormatControl StringFormatFlagsNoFontFallback StringFormatFlagsMeasureTrailingSpaces StringFormatFlagsNoWrap StringFormatFlagsLineLimit StringFormatFlagsNoClip TextRenderingHintSystemDefault TextRenderingHintSingleBitPerPixelGridFit TextRenderingHintSingleBitPerPixel TextRenderingHintAntiAliasGridFit TextRenderingHintAntiAlias TextRenderingHintClearTypeGridFit UnitPixel WrapModeTile WrapModeTileFlipX WrapModeTileFlipY WrapModeTileFlipXY WrapModeClamp","TEXTMETRICA":"tmFirstChar tmLastChar tmDefaultChar tmBreakChar sizeof","GUITHREADINFO":"cbSize flags hwndActive hwndFocus hwndCapture hwndMenuOwner hwndMoveSize hwndCaret left top right bottom sizeof","HDLAYOUT":"prc pwpos sizeof","Decorations":"image smallImage largeImage images menuBar menus savedFocus defaultButton saveDefault swFlags hAccel nAccel moved resized opened oldX oldY oldWidth oldHeight","TypedListener":"eventListener","ImageLoaderEvent":"imageData incrementCount endOfImage serialVersionUID","Control":"handle parent cursor menu toolTipText layoutData accessible drawCount foreground background","Shell":"activeMenu hIMC hwndMDIClient toolTipHandle lpstrTip minWidth minHeight brushes showWithParent lastActive psai region DialogProc DialogClass","TableTreeItem":"tableItem parent parentItem items texts images background foreground font expanded checked grayed","PrinterData":"driver name scope startPage endPage printToFile fileName copyCount collate ALL_PAGES PAGE_RANGE SELECTION otherData","NMTOOLBAR":"iItem iBitmap idCommand fsState fsStyle dwData iString cchText pszText left top right bottom sizeof","NMHDR":"hwndFrom idFrom code sizeof","TEXTMETRICW":"tmFirstChar tmLastChar tmDefaultChar tmBreakChar sizeof","MINMAXINFO":"ptReserved_x ptReserved_y ptMaxSize_x ptMaxSize_y ptMaxPosition_x ptMaxPosition_y ptMinTrackSize_x ptMinTrackSize_y ptMaxTrackSize_x ptMaxTrackSize_y sizeof","GC":"handle drawable data LINE_DOT_ZERO LINE_DASH_ZERO LINE_DASHDOT_ZERO LINE_DASHDOTDOT_ZERO","PngIhdrChunk":"EXPECTED_DATA_LENGTH WIDTH_DATA_OFFSET HEIGHT_DATA_OFFSET BIT_DEPTH_OFFSET COLOR_TYPE_OFFSET COMPRESSION_METHOD_OFFSET FILTER_METHOD_OFFSET INTERLACE_METHOD_OFFSET COLOR_TYPE_GRAYSCALE COLOR_TYPE_RGB COLOR_TYPE_PALETTE COLOR_TYPE_GRAYSCALE_WITH_ALPHA COLOR_TYPE_RGB_WITH_ALPHA INTERLACE_METHOD_NONE INTERLACE_METHOD_ADAM7 FILTER_NONE FILTER_SUB FILTER_UP FILTER_AVERAGE FILTER_PAETH ValidBitDepths ValidColorTypes","AccessibleEvent":"childID result serialVersionUID","RunnableLock":"runnable thread throwable","LocationEvent":"location top doit serialVersionUID","SWTError":"code throwable serialVersionUID","HelpEvent":"serialVersionUID","NMLISTVIEW":"iItem iSubItem uNewState uOldState uChanged x y lParam sizeof","PngDecodingDataStream":"currentChunk chunkReader currentByte nextByteIndex nextBitIndex lzBlockReader adlerValue PRIME MAX_BIT","TabFolder":"items imageList TabFolderProc TabFolderClass TAB ID_UPDOWN","PathData":"types points","MenuItem":"parent menu id accelerator","SashFormData":"weight","TableEditor":"table item column columnListener","TextLayout":"font text segmentsText lineSpacing ascent descent alignment wrapWidth orientation tabs segments styles allRuns runs lineOffset lineY lineWidth mLangFontLink2 LTR_MARK RTL_MARK SCRIPT_VISATTR_SIZEOF GOFFSET_SIZEOF CLSID_CMultiLanguage IID_IMLangFontLink2 style start length lineBreak softBreak tab analysis psc glyphs glyphCount clusters visAttrs advances goffsets width ascent descent leading x psla fallbackFont","TitleEvent":"title serialVersionUID","HELPINFO":"cbSize iContextType iCtrlId hItemHandle dwContextId x y sizeof","INITCOMMONCONTROLSEX":"dwSize dwICC sizeof","LZWNode":"left right children code prefix suffix","AnimatedProgress":"SLEEP DEFAULT_WIDTH DEFAULT_HEIGHT active showStripes value orientation showBorder","GridData":"verticalAlignment horizontalAlignment widthHint heightHint horizontalIndent verticalIndent horizontalSpan verticalSpan grabExcessHorizontalSpace grabExcessVerticalSpace minimumWidth minimumHeight exclude BEGINNING CENTER END FILL VERTICAL_ALIGN_BEGINNING VERTICAL_ALIGN_CENTER VERTICAL_ALIGN_END VERTICAL_ALIGN_FILL HORIZONTAL_ALIGN_BEGINNING HORIZONTAL_ALIGN_CENTER HORIZONTAL_ALIGN_END HORIZONTAL_ALIGN_FILL GRAB_HORIZONTAL GRAB_VERTICAL FILL_VERTICAL FILL_HORIZONTAL FILL_BOTH cacheWidth cacheHeight defaultWhint defaultHhint defaultWidth defaultHeight currentWhint currentHhint currentWidth currentHeight","DND":"CLIPBOARD SELECTION_CLIPBOARD DROP_NONE DROP_COPY DROP_MOVE DROP_LINK DROP_TARGET_MOVE DROP_DEFAULT DragEnd DragSetData DragEnter DragLeave DragOver DragOperationChanged Drop DropAccept DragStart FEEDBACK_NONE FEEDBACK_SELECT FEEDBACK_INSERT_BEFORE FEEDBACK_INSERT_AFTER FEEDBACK_SCROLL FEEDBACK_EXPAND ERROR_CANNOT_INIT_DRAG ERROR_CANNOT_INIT_DROP ERROR_CANNOT_SET_CLIPBOARD ERROR_INVALID_DATA INIT_DRAG_MESSAGE INIT_DROP_MESSAGE CANNOT_SET_CLIPBOARD_MESSAGE INVALID_DATA_MESSAGE","ControlEvent":"serialVersionUID","PngHuffmanTable":"codeLengthInfo codeValues MAX_CODE_LENGTH BAD_CODE length max min baseIndex","MENUBARINFO":"cbSize left top right bottom hMenu hwndMenu fBarFocused fFocused sizeof","VARDESC":"memid lpstrSchema oInst elemdescVar_tdesc_union elemdescVar_tdesc_vt elemdescVar_paramdesc_pparamdescex elemdescVar_paramdesc_wParamFlags wVarFlags varkind sizeof","HIGHCONTRAST":"cbSize dwFlags lpszDefaultScheme sizeof","SCRIPT_CONTROL":"uDefaultLanguage fContextDigits fInvertPreBoundDir fInvertPostBoundDir fLinkStringBefore fLinkStringAfter fNeutralOverride fNumericOverride fLegacyBidiClass fReserved sizeof","Platform":"PLATFORM","OSVERSIONINFOA":"szCSDVersion sizeof","TableItem":"parent strings images checked grayed cached imageIndent background foreground font cellBackground cellForeground cellFont","Rectangle":"x y width height serialVersionUID","ArmEvent":"serialVersionUID","CAUUID":"cElems pElems sizeof","OleEventTable":"types handlers","PngChunk":"reference LENGTH_OFFSET TYPE_OFFSET DATA_OFFSET TYPE_FIELD_LENGTH LENGTH_FIELD_LENGTH MIN_LENGTH CHUNK_UNKNOWN CHUNK_IHDR CHUNK_PLTE CHUNK_IDAT CHUNK_IEND CHUNK_tRNS TYPE_IHDR TYPE_PLTE TYPE_IDAT TYPE_IEND TYPE_tRNS CRC_TABLE","OLECMD":"cmdID cmdf sizeof","Image":"type handle transparentPixel memGC alphaData alpha data DEFAULT_SCANLINE_PAD","StatusTextEvent":"text serialVersionUID","Scrollable":"horizontalBar verticalBar","FileFormat":"FORMAT_PACKAGE FORMAT_SUFFIX FORMATS inputStream outputStream loader compression","LITEM":"mask iLink state stateMask szID szUrl sizeof","GIFFileFormat":"signature screenWidth screenHeight backgroundPixel bitsPerPixel defaultDepth disposalMethod delayTime transparentPixel repeatCount GIF_APPLICATION_EXTENSION_BLOCK_ID GIF_GRAPHICS_CONTROL_BLOCK_ID GIF_PLAIN_TEXT_BLOCK_ID GIF_COMMENT_BLOCK_ID GIF_EXTENSION_BLOCK_ID GIF_IMAGE_BLOCK_ID GIF_TRAILER_ID","Item":"text image","ModifyEvent":"serialVersionUID","DROPFILES":"pFiles pt_x pt_y fNC fWide sizeof","LVITEM":"mask iItem iSubItem state stateMask pszText cchTextMax iImage lParam iIndent sizeof","TCHAR":"codePage chars bytes byteCount sizeof","ScrolledComposite":"content contentListener minHeight minWidth expandHorizontal expandVertical alwaysShowScroll","JPEGFrameHeader":"maxVFactor maxHFactor componentIdentifiers componentParameters","EXTLOGPEN":"elpPenStyle elpWidth elpBrushStyle elpColor elpHatch elpNumEntries elpStyleEntry sizeof","BROWSEINFO":"hwndOwner pidlRoot pszDisplayName lpszTitle ulFlags lpfn lParam iImage sizeof","Accessible":"refCount enumIndex objIAccessible objIEnumVARIANT iaccessible accessibleListeners accessibleControlListeners textListeners variants control","SCRIPT_ITEM":"iCharPos a sizeof","ExtendedModifyEvent":"start length replacedText serialVersionUID","TableDragUnderEffect":"table scrollIndex scrollBeginTime SCROLL_HYSTERESIS","Synchronizer":"display messageCount messages messageLock syncThread","StyledTextEvent":"styles lineBackground segments replaceCharCount newCharCount replaceLineCount newLineCount","CBanner":"left right bottom simple curve curveStart curveRect curve_width curve_indent rightWidth rightMinWidth rightMinHeight resizeCursor dragging rightDragDisplacement OFFSCREEN BORDER_BOTTOM BORDER_TOP BORDER_STRIPE CURVE_TAIL BEZIER_RIGHT BEZIER_LEFT MIN_LEFT BORDER1","TVINSERTSTRUCT":"hParent hInsertAfter mask hItem state stateMask pszText cchTextMax iImage iSelectedImage cChildren lParam sizeof","FontData":"data height lang country variant","FileTransfer":"_instance CF_HDROP CF_HDROPID CF_HDROP_SEPARATOR","HTMLTransfer":"_instance HTML_FORMAT HTML_FORMATID","NMTBHOTITEM":"idOld idNew dwFlags sizeof","FillLayout":"type marginWidth marginHeight spacing","TCITEM":"mask dwState dwStateMask pszText cchTextMax iImage lParam sizeof","OS2BMPFileFormat":"BMPFileHeaderSize BMPHeaderFixedSize width height bitCount","TableColumn":"parent resizable moveable","LZWCodec":"bitsPerPixel blockSize blockIndex currentByte bitsLeft codeSize clearCode endCode newCodes topSlot currentSlot imageWidth imageHeight imageX imageY pass line codeMask block lineArray stack suffix prefix nodeStack inputStream outputStream image loader interlaced MASK_TABLE","Variant":"sizeof type booleanData floatData intData shortData stringData byRefPtr dispatchData unknownData","NMRGINFO":"x y dwItemSpec sizeof","TrayItem":"parent id image2 toolTipText visible","CCombo":"text list visibleItemCount popup arrow hasFocus listener filter foreground background font","BITMAPINFOHEADER":"biSize biWidth biHeight biPlanes biBitCount biCompression biSizeImage biXPelsPerMeter biYPelsPerMeter biClrUsed biClrImportant sizeof","NMLVFINDITEM":"iStart flags psz lParam x y vkDirection sizeof","Browser":"frame site auto back forward navigate delaySetText location size addressBar menuBar statusBar toolBar info globalDispatch html closeWindowListeners locationListeners openWindowListeners progressListeners statusTextListeners titleListeners visibilityWindowListeners BeforeNavigate2 CommandStateChange DocumentComplete NavigateComplete2 NewWindow2 OnMenuBar OnStatusBar OnToolBar OnVisible ProgressChange RegisterAsBrowser StatusTextChange TitleChange WindowClosing WindowSetHeight WindowSetLeft WindowSetResizable WindowSetTop WindowSetWidth CSC_NAVIGATEFORWARD CSC_NAVIGATEBACK INET_E_DEFAULT_ACTION READYSTATE_COMPLETE URLPOLICY_ALLOW URLPOLICY_DISALLOW URLZONE_LOCAL_MACHINE URLZONE_INTRANET URLACTION_ACTIVEX_MIN URLACTION_ACTIVEX_MAX URLACTION_ACTIVEX_RUN URLACTION_JAVA_MIN URLPOLICY_JAVA_LOW URLACTION_JAVA_MAX DISPID_AMBIENT_DLCONTROL DLCTL_DLIMAGES DLCTL_VIDEOS DLCTL_BGSOUNDS DLCTL_NO_SCRIPTS DLCTL_NO_JAVA DLCTL_NO_RUNACTIVEXCTLS DLCTL_NO_DLACTIVEXCTLS DLCTL_DOWNLOADONLY DLCTL_NO_FRAMEDOWNLOAD DLCTL_RESYNCHRONIZE DLCTL_PRAGMA_NO_CACHE DLCTL_FORCEOFFLINE DLCTL_NO_CLIENTPULL DLCTL_SILENT DOCHOSTUIFLAG_THEME DOCHOSTUIFLAG_NO3DBORDER DOCHOSTUIFLAG_NO3DOUTERBORDER ABOUT_BLANK URL_DIRECTOR PACKAGE_PREFIX","NMLINK":"mask iLink state stateMask szID szUrl sizeof","PNGFileFormat":"SIGNATURE_LENGTH decodingStream headerChunk paletteChunk imageData data alphaPalette","GCP_RESULTS":"lStructSize lpOutString lpOrder lpDx lpCaretPos lpClass lpGlyphs nGlyphs nMaxFit sizeof","TableCursor":"table row column tableListener resizeListener disposeItemListener disposeColumnListener BACKGROUND FOREGROUND","BidiSegmentEvent":"lineOffset lineText segments serialVersionUID","KEYBDINPUT":"wVk wScan dwFlags time dwExtraInfo sizeof","NMLVCUSTOMDRAW":"clrText clrTextBk iSubItem sizeof","CONTROLINFO":"cb hAccel cAccel dwFlags sizeof","TextChangedEvent":"serialVersionUID","DragSourceEvent":"detail doit dataType serialVersionUID","PaletteData":"isDirect colors redMask greenMask blueMask redShift greenShift blueShift","RowData":"width height exclude","NMUPDOWN":"iPos iDelta sizeof","GridLayout":"numColumns makeColumnsEqualWidth marginWidth marginHeight marginLeft marginTop marginRight marginBottom horizontalSpacing verticalSpacing","LRESULT":"value ONE ZERO","ScrolledCompositeLayout":"inLayout DEFAULT_WIDTH DEFAULT_HEIGHT","FontMetrics":"handle","TreeColumn":"parent resizable","RowLayout":"type marginWidth marginHeight spacing wrap pack fill justify marginLeft marginTop marginRight marginBottom","StackLayout":"marginWidth marginHeight topControl","Menu":"handle x y hwndCB id0 id1 hasLocation cascade parent imageList ID_PPC ID_SPMM ID_SPBM ID_SPMB ID_SPBB ID_SPSOFTKEY0 ID_SPSOFTKEY1","NMTTDISPINFOW":"szText sizeof","CoolItem":"parent control id ideal minimum","PngFileReadState":"readIHDR readPLTE readIDAT readIEND readTRNS readPixelData","MenuEvent":"serialVersionUID","COM":"IIDJavaBeansBridge IIDShockwaveActiveXControl IIDIEditorSiteTime IIDIEditorSiteProperty IIDIEditorBaseProperty IIDIEditorSite IIDIEditorService IIDIEditorManager IIDIAccessible IIDIAdviseSink IIDIClassFactory2 IIDIConnectionPoint IIDIConnectionPointContainer IIDIDataObject IIDIDispatch IIDIDocHostUIHandler IIDIDocHostShowUI IIDIDropSource IIDIDropTarget IIDIEnumFORMATETC IIDIEnumVARIANT IIDIFont IIDIInternetSecurityManager IIDIOleClientSite IIDIOleCommandTarget IIDIOleContainer IIDIOleControl IIDIOleControlSite IIDIOleDocument IIDIOleDocumentSite IIDIOleInPlaceActiveObject IIDIOleInPlaceFrame IIDIOleInPlaceObject IIDIOleInPlaceSite IIDIOleInPlaceUIWindow IIDIOleLink IIDIOleObject IIDIOleWindow IIDIPersist IIDIPersistFile IIDIPersistStorage IIDIPersistStream IIDIPersistStreamInit IIDIPropertyNotifySink IIDIProvideClassInfo IIDIProvideClassInfo2 IIDIServiceProvider IIDISpecifyPropertyPages IIDIStorage IIDIStream IIDIUnknown IIDIViewObject2 CGID_DocHostCommandHandler CGID_Explorer CF_TEXT CF_BITMAP CF_METAFILEPICT CF_SYLK CF_DIF CF_TIFF CF_OEMTEXT CF_DIB CF_PALETTE CF_PENDATA CF_RIFF CF_WAVE CF_UNICODETEXT CF_ENHMETAFILE CF_HDROP CF_LOCALE CF_MAX CLSCTX_INPROC_HANDLER CLSCTX_INPROC_SERVER CLSCTX_LOCAL_SERVER CLSCTX_REMOTE_SERVER CO_E_CLASSSTRING DATADIR_GET DATADIR_SET DISP_E_EXCEPTION DISP_E_MEMBERNOTFOUND DISP_E_UNKNOWNINTERFACE DISPID_AMBIENT_BACKCOLOR DISPID_AMBIENT_FONT DISPID_AMBIENT_FORECOLOR DISPID_AMBIENT_LOCALEID DISPID_AMBIENT_MESSAGEREFLECT DISPID_AMBIENT_OFFLINEIFNOTCONNECTED DISPID_AMBIENT_SHOWGRABHANDLES DISPID_AMBIENT_SHOWHATCHING DISPID_AMBIENT_SILENT DISPID_AMBIENT_SUPPORTSMNEMONICS DISPID_AMBIENT_UIDEAD DISPID_AMBIENT_USERMODE DISPID_BACKCOLOR DISPID_FONT DISPID_FONT_BOLD DISPID_FONT_CHARSET DISPID_FONT_ITALIC DISPID_FONT_NAME DISPID_FONT_SIZE DISPID_FONT_STRIKE DISPID_FONT_UNDER DISPID_FONT_WEIGHT DISPID_FORECOLOR DRAGDROP_S_DROP DRAGDROP_S_CANCEL DRAGDROP_S_USEDEFAULTCURSORS DROPEFFECT_NONE DROPEFFECT_COPY DROPEFFECT_MOVE DROPEFFECT_LINK DROPEFFECT_SCROLL DV_E_FORMATETC DV_E_STGMEDIUM DV_E_TYMED DVASPECT_CONTENT E_FAIL E_INVALIDARG E_NOINTERFACE E_NOTIMPL E_NOTSUPPORTED GMEM_FIXED GMEM_ZEROINIT GUIDKIND_DEFAULT_SOURCE_DISP_IID IMPLTYPEFLAG_FDEFAULT IMPLTYPEFLAG_FRESTRICTED IMPLTYPEFLAG_FSOURCE LOCALE_SYSTEM_DEFAULT LOCALE_USER_DEFAULT OLECLOSE_NOSAVE OLECLOSE_SAVEIFDIRTY OLEEMBEDDED OLEIVERB_DISCARDUNDOSTATE OLEIVERB_INPLACEACTIVATE OLEIVERB_PRIMARY OLELINKED OLERENDER_DRAW S_FALSE S_OK STG_E_FILENOTFOUND STG_S_CONVERTED STGC_DEFAULT STGM_CONVERT STGM_CREATE STGM_DELETEONRELEASE STGM_DIRECT STGM_DIRECT_SWMR STGM_FAILIFTHERE STGM_NOSCRATCH STGM_NOSNAPSHOT STGM_PRIORITY STGM_READ STGM_READWRITE STGM_SHARE_DENY_NONE STGM_SHARE_DENY_READ STGM_SHARE_DENY_WRITE STGM_SHARE_EXCLUSIVE STGM_SIMPLE STGM_TRANSACTED STGM_WRITE STGTY_STORAGE STGTY_STREAM STGTY_LOCKBYTES STGTY_PROPERTY TYMED_HGLOBAL DISPATCH_METHOD DISPATCH_PROPERTYGET DISPATCH_PROPERTYPUT DISPATCH_PROPERTYPUTREF DISPID_PROPERTYPUT VT_BOOL VT_BSTR VT_BYREF VT_CY VT_DATE VT_DISPATCH VT_EMPTY VT_ERROR VT_I2 VT_I4 VT_NULL VT_R4 VT_R8 VT_UI1 VT_UI4 VT_UNKNOWN VT_VARIANT VARIANT_TRUE VARIANT_FALSE CHILDID_SELF CO_E_OBJNOTCONNECTED ROLE_SYSTEM_MENUBAR ROLE_SYSTEM_SCROLLBAR ROLE_SYSTEM_WINDOW ROLE_SYSTEM_CLIENT ROLE_SYSTEM_MENUPOPUP ROLE_SYSTEM_MENUITEM ROLE_SYSTEM_TOOLTIP ROLE_SYSTEM_DIALOG ROLE_SYSTEM_SEPARATOR ROLE_SYSTEM_TOOLBAR ROLE_SYSTEM_TABLE ROLE_SYSTEM_COLUMNHEADER ROLE_SYSTEM_ROWHEADER ROLE_SYSTEM_CELL ROLE_SYSTEM_LINK ROLE_SYSTEM_LIST ROLE_SYSTEM_LISTITEM ROLE_SYSTEM_OUTLINE ROLE_SYSTEM_OUTLINEITEM ROLE_SYSTEM_PAGETAB ROLE_SYSTEM_STATICTEXT ROLE_SYSTEM_TEXT ROLE_SYSTEM_PUSHBUTTON ROLE_SYSTEM_CHECKBUTTON ROLE_SYSTEM_RADIOBUTTON ROLE_SYSTEM_COMBOBOX ROLE_SYSTEM_PROGRESSBAR ROLE_SYSTEM_SLIDER ROLE_SYSTEM_PAGETABLIST STATE_SYSTEM_NORMAL STATE_SYSTEM_SELECTED STATE_SYSTEM_FOCUSED STATE_SYSTEM_PRESSED STATE_SYSTEM_CHECKED STATE_SYSTEM_READONLY STATE_SYSTEM_HOTTRACKED STATE_SYSTEM_EXPANDED STATE_SYSTEM_COLLAPSED STATE_SYSTEM_BUSY STATE_SYSTEM_INVISIBLE STATE_SYSTEM_OFFSCREEN STATE_SYSTEM_SIZEABLE STATE_SYSTEM_FOCUSABLE STATE_SYSTEM_SELECTABLE STATE_SYSTEM_LINKED STATE_SYSTEM_MULTISELECTABLE","MSG":"hwnd message wParam lParam time x y sizeof","Pattern":"handle","NMTTDISPINFOA":"szText sizeof","Table":"items columns imageList currentItem lastIndexOf lastWidth customDraw cancelMove dragStarted fixScrollWidth tipRequested wasSelected ignoreActivate ignoreSelect ignoreShrink ignoreResize INSET GRID_WIDTH HEADER_MARGIN TableProc TableClass BUTTON","Sash":"dragging startX startY lastX lastY INCREMENT PAGE_INCREMENT","PrintDialog":"scope startPage endPage printToFile","StyledTextRenderer":"device regularFont boldFont italicFont boldItalicFont tabWidth ascent descent lineEndSpaceWidth","SWT_AWT":"embeddedFrameClass loaded swingInitialized","DefaultContent":"LineDelimiter textListeners textStore gapStart gapEnd gapLine highWatermark lowWatermark lines lineCount expandExp replaceExpandExp","Text":"tabs oldStart oldEnd doubleClick ignoreModify ignoreVerify ignoreCharacter LIMIT DELIMITER EditProc EditClass","WINDOWPOS":"hwnd hwndInsertAfter x y cx cy flags sizeof","ImageList":"handle style refCount images COLOR_FLAGS","NMREBARCHEVRON":"uBand wID lParam left top right bottom lParamNM sizeof","Tray":"itemCount items","NMTVDISPINFO":"mask hItem state stateMask pszText cchTextMax iImage iSelectedImage cChildren lParam sizeof","TIFFRandomFileAccess":"inputStream start current next buffers CHUNK_SIZE LIST_SIZE","OSVERSIONINFO":"dwOSVersionInfoSize dwMajorVersion dwMinorVersion dwBuildNumber dwPlatformId sizeof","CHOOSEFONT":"lStructSize hwndOwner hDC lpLogFont iPointSize Flags rgbColors lCustData lpfnHook lpTemplateName hInstance lpszStyle nFontType nSizeMin nSizeMax sizeof","GRADIENT_RECT":"UpperLeft LowerRight sizeof","ACCEL":"fVirt key cmd sizeof","Clipboard":"display iDataObject refCount transferAgents data CFSTR_PREFERREDDROPEFFECT","Transform":"handle","LineStyleEvent":"lineOffset lineText styles serialVersionUID","LOGPEN":"lopnStyle x y lopnColor sizeof","INPUT":"type sizeof","TraverseEvent":"detail serialVersionUID","TreeItem":"handle parent strings images background foreground font cellBackground cellForeground cellFont","Printer":"handle data isGCCreated profile appName keyName","Cursor":"handle isIcon HAND_SOURCE HAND_MASK","OleEnumFORMATETC":"iUnknown iEnumFORMATETC refCount index formats","DisposeEvent":"serialVersionUID","FocusEvent":"serialVersionUID","SWTException":"code throwable serialVersionUID","NOTIFYICONDATAW":"szTip szInfo szInfoTitle sizeof","TBBUTTON":"iBitmap idCommand fsState fsStyle dwData iString sizeof","CREATESTRUCT":"lpCreateParams hInstance hMenu hwndParent cy cx y x style lpszName lpszClass dwExStyle sizeof","CLayoutData":"defaultWidth defaultHeight currentWhint currentHhint currentWidth currentHeight","DRAWITEMSTRUCT":"CtlType CtlID itemID itemAction itemState hwndItem hDC left top bottom right itemData sizeof","Tree":"items columns hwndParent hwndHeader hAnchor hInsert imageList dragStarted gestureCompleted insertAfter ignoreSelect ignoreExpand ignoreDeselect ignoreResize lockSelection oldSelected newSelected linesVisible customDraw printClient INSET GRID_WIDTH HEADER_MARGIN TreeProc TreeClass BUTTON","BusyIndicator":"nextBusyId BUSYID_NAME BUSY_CURSOR","PAINTSTRUCT":"hdc fErase left top right bottom fRestore fIncUpdate rgbReserved sizeof","URLTransfer":"_instance CFSTR_INETURL CFSTR_INETURLID","StyledText":"TAB PlatformLineDelimiter BIDI_CARET_WIDTH DEFAULT_WIDTH DEFAULT_HEIGHT ExtendedModify LineGetBackground LineGetStyle TextChanging TextSet VerifyKey TextChanged LineGetSegments selectionBackground selectionForeground logicalContent content renderer listener textChangeListener defaultLineStyler lineCache userLineStyle userLineBackground verticalScrollOffset horizontalScrollOffset topIndex lastPaintTopIndex topOffset clientAreaHeight clientAreaWidth lineHeight tabLength leftMargin topMargin rightMargin bottomMargin ibeamCursor columnX caretOffset selection clipboardSelection selectionAnchor doubleClickSelection editable wordWrap doubleClickEnabled overwrite textLimit keyActionMap background foreground clipboard mouseDown mouseDoubleClick autoScrollDirection autoScrollDistance lastTextChangeStart lastTextChangeNewLineCount lastTextChangeNewCharCount lastTextChangeReplaceLineCount lastTextChangeReplaceCharCount isMirrored bidiColoring leftCaretBitmap rightCaretBitmap caretDirection advancing defaultCaret updateCaretDirection IS_CARBON IS_GTK IS_MOTIF DOUBLE_BUFFER LEFT CENTER RIGHT parent printer renderer printOptions printerContent clientArea printerFont displayFontData printerColors lineBackgrounds lineStyles bidiSegments gc pageWidth startPage endPage pageSize startLine endLine singleLine selection mirrored DEFAULT_FOREGROUND DEFAULT_BACKGROUND colorTable WriteUnicode buffer startOffset endOffset isClosed parent lineWidth content lineCount maxWidth maxWidthLineIndex parent visualContent","Device":"DEBUG debug tracking errors objects hPalette colorRefCount systemFont nFonts logFonts metrics pixels scripts gdipToken disposed CREATE_LOCK CurrentDevice DeviceFinder","Resource":"device","SIPINFO":"cbSize fdwFlags rcVisibleDesktop_left rcVisibleDesktop_top rcVisibleDesktop_right rcVisibleDesktop_bottom rcSipRect_left rcSipRect_top rcSipRect_right rcSipRect_bottom dwImDataSize pvImData sizeof","DropTargetEvent":"x y detail operations feedback item currentDataType dataTypes serialVersionUID","EXCEPINFO":"wCode wReserved bstrSource bstrDescription bstrHelpFile dwHelpContext pvReserved pfnDeferredFillIn scode sizeof","NOTIFYICONDATAA":"szTip szInfo szInfoTitle sizeof","NONCLIENTMETRICS":"cbSize iBorderWidth iScrollWidth iScrollHeight iCaptionWidth iCaptionHeight iSmCaptionWidth iSmCaptionHeight iMenuWidth iMenuHeight sizeof","EventTable":"types listeners level","NMHEADER":"iItem iButton pitem sizeof","NMTVCUSTOMDRAW":"clrText clrTextBk iLevel sizeof","FillData":"defaultWidth defaultHeight currentWhint currentHhint currentWidth currentHeight","MEASUREITEMSTRUCT":"CtlType CtlID itemID itemWidth itemHeight itemData sizeof","UDACCEL":"nSec nInc sizeof","NONCLIENTMETRICSW":"lfCaptionFont lfSmCaptionFont lfMenuFont lfStatusFont lfMessageFont sizeof","Library":"MAJOR_VERSION MINOR_VERSION REVISION JAVA_VERSION SWT_VERSION","FUNCDESC":"memid lprgscode lprgelemdescParam funckind invkind callconv cParams cParamsOpt oVft cScodes elemdescFunc_tdesc_union elemdescFunc_tdesc_vt elemdescFunc_paramdesc_pparamdescex elemdescFunc_paramdesc_wParamFlags wFuncFlags sizeof","DropTarget":"control controlListener transferAgents effect selectedDataType selectedOperation keyOperation iDataObject iDropTarget refCount DROPTARGETID","DVTARGETDEVICE":"tdSize tdDriverNameOffset tdDeviceNameOffset tdPortNameOffset tdExtDevmodeOffset tdData sizeof","OleEventSink":"widget iDispatch refCount objIUnknown eventCookie eventGuid eventTable","ScrollBar":"parent increment pageIncrement","SCRIPT_PROPERTIES":"langid fNumeric fComplex fNeedsWordBreaking fNeedsCaretInfo bCharSet fControl fPrivateUseArea fNeedsCharacterJustify fInvalidGlyph fInvalidLogAttr fCDM fAmbiguousCharSet fClusterSizeVaries fRejectInvalid sizeof","WINDOWPLACEMENT":"length flags showCmd ptMinPosition_x ptMinPosition_y ptMaxPosition_x ptMaxPosition_y left top right bottom sizeof","NONCLIENTMETRICSA":"lfCaptionFont lfSmCaptionFont lfMenuFont lfStatusFont lfMessageFont sizeof","RECT":"left top right bottom sizeof","MOUSEINPUT":"dx dy mouseData dwFlags time dwExtraInfo sizeof","DNDEvent":"dataType dataTypes operations feedback","STGMEDIUM":"tymed unionField pUnkForRelease sizeof","SCRIPT_STATE":"uBidiLevel fOverrideDirection fInhibitSymSwap fCharShape fDigitSubstitute fInhibitLigate fDisplayZWG fArabicNumContext fGcpClusters fReserved fEngineReserved sizeof","TEXTMETRIC":"tmHeight tmAscent tmDescent tmInternalLeading tmExternalLeading tmAveCharWidth tmMaxCharWidth tmWeight tmOverhang tmDigitizedAspectX tmDigitizedAspectY tmItalic tmUnderlined tmStruckOut tmPitchAndFamily tmCharSet sizeof","LEDataInputStream":"position in buf pos","OleAutomation":"objIDispatch exceptionDescription objITypeInfo","KeyEvent":"character keyCode stateMask doit serialVersionUID","JPEGHuffmanTable":"allTables tableClass tableIdentifier dhMaxCodes dhMinCodes dhValPtrs dhValues ehCodes ehCodeLengths DCLuminanceTable DCChrominanceTable ACLuminanceTable ACChrominanceTable","ColorDialog":"rgb","Monitor":"handle x y width height clientX clientY clientWidth clientHeight","NMTTDISPINFO":"lpszText hinst uFlags lParam sizeof","WinBMPFileFormat":"BMPFileHeaderSize BMPHeaderFixedSize importantColors pelsPerMeter","SCRIPT_LOGATTR":"fSoftBreak fWhiteSpace fCharStop fWordStop fInvalid fReserved sizeof","CHOOSECOLOR":"lStructSize hwndOwner hInstance rgbResult lpCustColors Flags lCustData lpfnHook lpTemplateName sizeof","DLLVERSIONINFO":"cbSize dwMajorVersion dwMinorVersion dwBuildNumber dwPlatformID sizeof","ToolItem":"parent control toolTipText disabledImage hotImage disabledImage2 id","DirectoryDialog":"message filterPath directoryPath","PaintEvent":"gc x y width height count serialVersionUID","OS":"IsWin32s IsWin95 IsWinNT IsWinCE IsPPC IsHPC IsSP IsDBLocale IsUnicode WIN32_MAJOR WIN32_MINOR WIN32_VERSION COMCTL32_MAJOR COMCTL32_MINOR COMCTL32_VERSION SHELL32_MAJOR SHELL32_MINOR SHELL32_VERSION VER_PLATFORM_WIN32s VER_PLATFORM_WIN32_WINDOWS VER_PLATFORM_WIN32_NT VER_PLATFORM_WIN32_CE SYS_COLOR_INDEX_FLAG ABS_DOWNDISABLED ABS_DOWNNORMAL ABS_DOWNPRESSED ABS_LEFTDISABLED ABS_LEFTNORMAL ABS_LEFTPRESSED ABS_RIGHTDISABLED ABS_RIGHTNORMAL ABS_RIGHTPRESSED ABS_UPDISABLED ABS_UPNORMAL ABS_UPPRESSED AC_SRC_OVER AC_SRC_ALPHA ALTERNATE BDR_SUNKENINNER BFFM_INITIALIZED BFFM_SETSELECTION BFFM_VALIDATEFAILED BFFM_VALIDATEFAILEDW BFFM_VALIDATEFAILEDA BF_BOTTOM BF_RIGHT BIF_EDITBOX BIF_NEWDIALOGSTYLE BIF_RETURNONLYFSDIRS BIF_VALIDATE BITSPIXEL BI_BITFIELDS BI_RGB BLACKNESS BCM_FIRST BCM_GETIDEALSIZE BCM_GETIMAGELIST BCM_SETIMAGELIST BUTTON_IMAGELIST_ALIGN_LEFT BUTTON_IMAGELIST_ALIGN_RIGHT BUTTON_IMAGELIST_ALIGN_CENTER BM_CLICK BM_GETCHECK BM_SETCHECK BM_SETIMAGE BM_SETSTYLE BN_CLICKED BN_DOUBLECLICKED BP_CHECKBOX BST_CHECKED BST_UNCHECKED BS_BITMAP BS_CENTER BS_CHECKBOX BS_DEFPUSHBUTTON BS_FLAT BS_GROUPBOX BS_ICON BS_LEFT BS_NOTIFY BS_OWNERDRAW BS_PUSHBUTTON BS_PUSHLIKE BS_RADIOBUTTON BS_RIGHT BS_SOLID BTNS_AUTOSIZE BTNS_BUTTON BTNS_CHECK BTNS_CHECKGROUP BTNS_DROPDOWN BTNS_GROUP BTNS_SEP BTNS_SHOWTEXT CBN_EDITCHANGE CBN_KILLFOCUS CBN_SELCHANGE CBN_SETFOCUS CBS_AUTOHSCROLL CBS_DROPDOWN CBS_DROPDOWNLIST CBS_CHECKEDNORMAL CBS_MIXEDNORMAL CBS_NOINTEGRALHEIGHT CBS_SIMPLE CBS_UNCHECKEDNORMAL CB_ADDSTRING CB_DELETESTRING CB_ERR CB_ERRSPACE CB_FINDSTRINGEXACT CB_GETCOUNT CB_GETCURSEL CB_GETDROPPEDCONTROLRECT CB_GETDROPPEDSTATE CB_GETEDITSEL CB_GETITEMHEIGHT CB_GETLBTEXT CB_GETLBTEXTLEN CB_INSERTSTRING CB_LIMITTEXT CB_RESETCONTENT CB_SELECTSTRING CB_SETCURSEL CB_SETEDITSEL CB_SHOWDROPDOWN CCM_FIRST CCM_SETBKCOLOR CCM_SETVERSION CCS_NODIVIDER CCS_NORESIZE CCS_VERT CC_ANYCOLOR CC_ENABLEHOOK CC_RGBINIT CDDS_POSTERASE CDDS_POSTPAINT CDDS_PREERASE CDDS_PREPAINT CDDS_ITEM CDDS_ITEMPOSTPAINT CDDS_ITEMPREPAINT CDDS_SUBITEM CDRF_DODEFAULT CDRF_NEWFONT CDRF_NOTIFYITEMDRAW CDRF_NOTIFYPOSTERASE CDRF_NOTIFYPOSTPAINT CDRF_NOTIFYSUBITEMDRAW CFE_AUTOCOLOR CFE_ITALIC CFE_STRIKEOUT CFE_UNDERLINE CFM_BOLD CFM_CHARSET CFM_COLOR CFM_FACE CFM_ITALIC CFM_SIZE CFM_STRIKEOUT CFM_UNDERLINE CFM_WEIGHT CFS_POINT CFS_RECT CF_EFFECTS CF_INITTOLOGFONTSTRUCT CF_SCREENFONTS CF_TEXT CF_UNICODETEXT CF_USESTYLE CLR_DEFAULT CLR_INVALID CLSCTX_INPROC_SERVER COLORONCOLOR COLOR_3DDKSHADOW COLOR_3DFACE COLOR_3DHIGHLIGHT COLOR_3DHILIGHT COLOR_3DLIGHT COLOR_3DSHADOW COLOR_ACTIVECAPTION COLOR_BTNFACE COLOR_BTNHIGHLIGHT COLOR_BTNSHADOW COLOR_BTNTEXT COLOR_CAPTIONTEXT COLOR_GRADIENTACTIVECAPTION COLOR_GRADIENTINACTIVECAPTION COLOR_GRAYTEXT COLOR_HIGHLIGHT COLOR_HIGHLIGHTTEXT COLOR_INACTIVECAPTION COLOR_INACTIVECAPTIONTEXT COLOR_INFOBK COLOR_INFOTEXT COLOR_MENU COLOR_MENUTEXT COLOR_SCROLLBAR COLOR_WINDOW COLOR_WINDOWFRAME COLOR_WINDOWTEXT COMPLEXREGION CP_ACP CP_UTF8 CP_INSTALLED CS_BYTEALIGNWINDOW CS_DBLCLKS CS_DROPSHADOW CS_GLOBALCLASS CS_HREDRAW CS_VREDRAW CW_USEDEFAULT DCX_CACHE DCX_CLIPCHILDREN DCX_CLIPSIBLINGS DEFAULT_CHARSET DEFAULT_GUI_FONT DFCS_BUTTONCHECK DFCS_CHECKED DFCS_FLAT DFCS_INACTIVE DFCS_PUSHED DFCS_SCROLLDOWN DFCS_SCROLLLEFT DFCS_SCROLLRIGHT DFCS_SCROLLUP DFC_BUTTON DFC_SCROLL DIB_RGB_COLORS DISP_E_EXCEPTION DI_NORMAL DI_NOMIRROR DLGC_BUTTON DLGC_HASSETSEL DLGC_STATIC DLGC_WANTALLKEYS DLGC_WANTARROWS DLGC_WANTCHARS DLGC_WANTTAB DM_SETDEFID DSS_DISABLED DSTINVERT DST_BITMAP DST_ICON DT_CALCRECT DT_CENTER DT_EDITCONTROL DT_EXPANDTABS DT_ENDELLIPSIS DT_LEFT DT_NOPREFIX DT_RASPRINTER DT_RIGHT DT_SINGLELINE DT_VCENTER DT_WORDBREAK ECOOP_AND ECOOP_OR ECO_AUTOHSCROLL EDGE_ETCHED EDGE_SUNKEN EM_CANUNDO EM_CHARFROMPOS EM_DISPLAYBAND EM_GETFIRSTVISIBLELINE EM_GETLIMITTEXT EM_GETLINE EM_GETLINECOUNT EM_GETMARGINS EM_GETPASSWORDCHAR EM_GETSCROLLPOS EM_GETSEL EM_LIMITTEXT EM_LINEFROMCHAR EM_LINEINDEX EM_LINELENGTH EM_LINESCROLL EM_POSFROMCHAR EM_REPLACESEL EM_SCROLLCARET EM_SETBKGNDCOLOR EM_SETLIMITTEXT EM_SETOPTIONS EM_SETPARAFORMAT EM_SETPASSWORDCHAR EM_SETREADONLY EM_SETSEL EM_SETTABSTOPS EM_UNDO EN_ALIGN_LTR_EC EN_ALIGN_RTL_EC EN_CHANGE ERROR_NO_MORE_ITEMS ESB_DISABLE_BOTH ESB_ENABLE_BOTH ES_AUTOHSCROLL ES_AUTOVSCROLL ES_CENTER ES_MULTILINE ES_NOHIDESEL ES_PASSWORD ES_READONLY ES_RIGHT ETO_CLIPPED EVENT_OBJECT_FOCUS EVENT_OBJECT_LOCATIONCHANGE EVENT_OBJECT_SELECTIONWITHIN EVENT_OBJECT_VALUECHANGE FALT FCONTROL FE_FONTSMOOTHINGCLEARTYPE FNERR_INVALIDFILENAME FORMAT_MESSAGE_ALLOCATE_BUFFER FORMAT_MESSAGE_FROM_SYSTEM FORMAT_MESSAGE_IGNORE_INSERTS FSHIFT FVIRTKEY GCS_COMPSTR GCS_RESULTSTR GM_ADVANCED GMDI_USEDISABLED GMEM_FIXED GMEM_ZEROINIT GN_CONTEXTMENU GPTR GRADIENT_FILL_RECT_H GRADIENT_FILL_RECT_V GTL_NUMBYTES GTL_NUMCHARS GTL_PRECISE GT_DEFAULT GUI_16BITTASK GUI_CARETBLINKING GUI_INMENUMODE GUI_INMOVESIZE GUI_POPUPMENUMODE GUI_SYSTEMMENUMODE GWL_EXSTYLE GWL_ID GWL_STYLE GWL_USERDATA GWL_WNDPROC GW_CHILD GW_HWNDFIRST GW_HWNDLAST GW_HWNDNEXT GW_HWNDPREV GW_OWNER HBMMENU_CALLBACK HCF_HIGHCONTRASTON HDF_CENTER HDF_JUSTIFYMASK HDF_IMAGE HDF_LEFT HDF_RIGHT HDI_IMAGE HDI_ORDER HDI_TEXT HDI_WIDTH HDI_FORMAT HDM_FIRST HDM_DELETEITEM HDM_GETBITMAPMARGIN HDM_GETITEMCOUNT HDM_GETITEMA HDM_GETITEMW HDM_GETITEM HDM_GETITEMRECT HDM_INSERTITEMA HDM_INSERTITEMW HDM_INSERTITEM HDM_LAYOUT HDM_SETIMAGELIST HDM_SETITEMA HDM_SETITEMW HDM_SETITEM HDN_FIRST HDN_BEGINDRAG HDN_BEGINTRACK HDN_BEGINTRACKW HDN_BEGINTRACKA HDN_DIVIDERDBLCLICKA HDN_DIVIDERDBLCLICKW HDN_DIVIDERDBLCLICK HDN_ENDDRAG HDN_ITEMCHANGED HDN_ITEMCHANGEDW HDN_ITEMCHANGEDA HDN_ITEMCHANGINGW HDN_ITEMCHANGINGA HDN_ITEMCLICKW HDN_ITEMCLICKA HDN_ITEMDBLCLICKW HDN_ITEMDBLCLICKA HDN_ITEMDBLCLICK HDS_BUTTONS HDS_FULLDRAG HDS_HIDDEN HEAP_ZERO_MEMORY HELPINFO_MENUITEM HICF_ARROWKEYS HINST_COMMCTRL HKEY_CLASSES_ROOT HKEY_CURRENT_USER HKEY_LOCAL_MACHINE HORZRES HTBORDER HTCAPTION HTCLIENT HTERROR HTHSCROLL HTMENU HTNOWHERE HTSYSMENU HTTRANSPARENT HTVSCROLL HWND_BOTTOM HWND_TOP HWND_TOPMOST HWND_NOTOPMOST ICC_COOL_CLASSES ICM_NOTOPEN ICON_BIG ICON_SMALL I_IMAGECALLBACK I_IMAGENONE IDABORT IDB_STD_SMALL_COLOR IDC_APPSTARTING IDC_ARROW IDC_CROSS IDC_HAND IDC_HELP IDC_IBEAM IDC_NO IDC_SIZE IDC_SIZEALL IDC_SIZENESW IDC_SIZENS IDC_SIZENWSE IDC_SIZEWE IDC_UPARROW IDC_WAIT IDNO IDOK IDRETRY IDYES ILC_COLOR ILC_COLOR16 ILC_COLOR24 ILC_COLOR32 ILC_COLOR4 ILC_COLOR8 ILC_MASK ILC_MIRROR ILD_NORMAL IMAGE_BITMAP IMAGE_CURSOR IMAGE_ICON IME_CMODE_FULLSHAPE IME_CMODE_KATAKANA IME_CMODE_NATIVE IME_CMODE_ROMAN INFINITE INPUT_KEYBOARD INPUT_MOUSE KEY_ENUMERATE_SUB_KEYS KEY_NOTIFY KEY_QUERY_VALUE KEY_READ KEYEVENTF_KEYUP L_MAX_URL_LENGTH LANG_KOREAN LANG_NEUTRAL LANG_USER_DEFAULT LAYOUT_RTL LBN_DBLCLK LBN_SELCHANGE LBS_EXTENDEDSEL LBS_MULTIPLESEL LBS_NOINTEGRALHEIGHT LBS_NOTIFY LB_ADDSTRING LB_DELETESTRING LB_ERR LB_ERRSPACE LB_FINDSTRINGEXACT LB_GETCARETINDEX LB_GETCOUNT LB_GETCURSEL LB_GETHORIZONTALEXTENT LB_GETITEMHEIGHT LB_GETITEMRECT LB_GETSEL LB_GETSELCOUNT LB_GETSELITEMS LB_GETTEXT LB_GETTEXTLEN LB_GETTOPINDEX LB_INITSTORAGE LB_INSERTSTRING LB_RESETCONTENT LB_SELITEMRANGE LB_SELITEMRANGEEX LB_SETCARETINDEX LB_SETCURSEL LB_SETHORIZONTALEXTENT LB_SETSEL LB_SETTOPINDEX LF_FACESIZE LGRPID_ARABIC LGRPID_HEBREW LGRPID_INSTALLED LIF_ITEMINDEX LIF_STATE LIS_FOCUSED LIS_ENABLED LM_GETIDEALHEIGHT LM_SETITEM LM_GETITEM LCID_SUPPORTED LOCALE_IDEFAULTANSICODEPAGE LOCALE_SDECIMAL LOCALE_SISO3166CTRYNAME LOCALE_SISO639LANGNAME LOCALE_USER_DEFAULT LOGPIXELSX LOGPIXELSY LPSTR_TEXTCALLBACK LR_DEFAULTCOLOR LR_SHARED LVCFMT_CENTER LVCFMT_IMAGE LVCFMT_LEFT LVCFMT_RIGHT LVCF_FMT LVCF_IMAGE LVCFMT_JUSTIFYMASK LVCF_TEXT LVCF_WIDTH LVHT_ONITEM LVHT_ONITEMICON LVHT_ONITEMLABEL LVHT_ONITEMSTATEICON LVIF_IMAGE LVIF_INDENT LVIF_STATE LVIF_TEXT LVIR_BOUNDS LVIR_ICON LVIR_LABEL LVIR_SELECTBOUNDS LVIS_DROPHILITED LVIS_FOCUSED LVIS_SELECTED LVIS_STATEIMAGEMASK LVM_APPROXIMATEVIEWRECT LVM_DELETEALLITEMS LVM_DELETECOLUMN LVM_DELETEITEM LVM_ENSUREVISIBLE LVM_FIRST LVM_GETBKCOLOR LVM_GETCOLUMN LVM_GETCOLUMNORDERARRAY LVM_GETCOLUMNWIDTH LVM_GETCOUNTPERPAGE LVM_GETEXTENDEDLISTVIEWSTYLE LVM_GETHEADER LVM_GETIMAGELIST LVM_GETITEM LVM_GETITEMW LVM_GETITEMA LVM_GETITEMCOUNT LVM_GETITEMRECT LVM_GETITEMSTATE LVM_GETNEXTITEM LVM_GETSELECTEDCOUNT LVM_GETSTRINGWIDTH LVM_GETSUBITEMRECT LVM_GETTEXTCOLOR LVM_GETTOOLTIPS LVM_GETTOPINDEX LVM_HITTEST LVM_INSERTCOLUMN LVM_INSERTITEM LVM_REDRAWITEMS LVM_SCROLL LVM_SETBKCOLOR LVM_SETCALLBACKMASK LVM_SETCOLUMN LVM_SETCOLUMNORDERARRAY LVM_SETCOLUMNWIDTH LVM_SETEXTENDEDLISTVIEWSTYLE LVM_SETIMAGELIST LVM_SETITEM LVM_SETITEMCOUNT LVM_SETITEMSTATE LVM_SETTEXTBKCOLOR LVM_SETTEXTCOLOR LVNI_FOCUSED LVNI_SELECTED LVN_BEGINDRAG LVN_BEGINRDRAG LVN_COLUMNCLICK LVN_FIRST LVN_GETDISPINFOA LVN_GETDISPINFOW LVN_ITEMACTIVATE LVN_ITEMCHANGED LVN_MARQUEEBEGIN LVN_ODFINDITEMA LVN_ODFINDITEMW LVSCW_AUTOSIZE LVSCW_AUTOSIZE_USEHEADER LVSICF_NOINVALIDATEALL LVSICF_NOSCROLL LVSIL_SMALL LVSIL_STATE LVS_EX_FULLROWSELECT LVS_EX_GRIDLINES LVS_EX_HEADERDRAGDROP LVS_EX_LABELTIP LVS_EX_ONECLICKACTIVATE LVS_EX_SUBITEMIMAGES LVS_EX_TRACKSELECT LVS_EX_TWOCLICKACTIVATE LVS_NOCOLUMNHEADER LVS_NOSCROLL LVS_OWNERDATA LVS_REPORT LVS_SHAREIMAGELISTS LVS_SHOWSELALWAYS LVS_SINGLESEL MAX_LINKID_TEXT MAX_PATH MA_NOACTIVATE MB_ABORTRETRYIGNORE MB_APPLMODAL MB_ICONERROR MB_ICONINFORMATION MB_ICONQUESTION MB_ICONWARNING MB_OK MB_OKCANCEL MB_PRECOMPOSED MB_RETRYCANCEL MB_RTLREADING MB_SYSTEMMODAL MB_TASKMODAL MB_YESNO MB_YESNOCANCEL MDIS_ALLCHILDSTYLES MFS_CHECKED MFS_DISABLED MFS_GRAYED MFT_RADIOCHECK MFT_RIGHTJUSTIFY MFT_RIGHTORDER MFT_SEPARATOR MFT_STRING MF_BYCOMMAND MF_BYPOSITION MF_CHECKED MF_DISABLED MF_ENABLED MF_GRAYED MF_HILITE MF_POPUP MF_SEPARATOR MF_SYSMENU MF_UNCHECKED MIIM_BITMAP MIIM_DATA MIIM_ID MIIM_STATE MIIM_SUBMENU MIIM_TYPE MIM_STYLE MK_CONTROL MK_LBUTTON MK_MBUTTON MK_RBUTTON MK_SHIFT MK_XBUTTON1 MK_XBUTTON2 MM_TEXT MNC_CLOSE MNS_CHECKORBMP MONITOR_DEFAULTTONEAREST MONITORINFOF_PRIMARY MOUSEEVENTF_ABSOLUTE MOUSEEVENTF_LEFTDOWN MOUSEEVENTF_LEFTUP MOUSEEVENTF_MIDDLEDOWN MOUSEEVENTF_MIDDLEUP MOUSEEVENTF_MOVE MOUSEEVENTF_RIGHTDOWN MOUSEEVENTF_RIGHTUP MWMO_INPUTAVAILABLE NIF_ICON NIF_INFO NIF_MESSAGE NIF_STATE NIF_TIP NIIF_ERROR NIIF_INFO NIIF_NONE NIIF_WARNING NIM_ADD NIM_DELETE NIM_MODIFY NIS_HIDDEN NM_FIRST NM_CLICK NM_CUSTOMDRAW NM_DBLCLK NM_RECOGNIZEGESTURE NM_RELEASEDCAPTURE NM_RETURN NOTIFYICONDATAA_V2_SIZE NOTIFYICONDATAW_V2_SIZE NOTIFYICONDATA_V2_SIZE NOTSRCCOPY NULLREGION NULL_BRUSH NULL_PEN NUMRESERVED OBJID_CARET OBJID_CLIENT OBJID_MENU OBJID_WINDOW OBJ_BITMAP OBJ_FONT OBJ_PEN OBM_CHECKBOXES ODS_SELECTED ODT_MENU OFN_ALLOWMULTISELECT OFN_EXPLORER OFN_HIDEREADONLY OFN_NOCHANGEDIR OIC_BANG OIC_HAND OIC_INFORMATION OIC_QUES OIC_WINLOGO OPAQUE PATCOPY PATINVERT PBM_GETPOS PBM_GETRANGE PBM_SETBARCOLOR PBM_SETBKCOLOR PBM_SETMARQUEE PBM_SETPOS PBM_SETRANGE32 PBM_STEPIT PBS_MARQUEE PBS_SMOOTH PBS_VERTICAL PD_ALLPAGES PD_COLLATE PD_PAGENUMS PD_PRINTTOFILE PD_RETURNDC PD_SELECTION PD_USEDEVMODECOPIESANDCOLLATE PFM_TABSTOPS PHYSICALHEIGHT PHYSICALOFFSETX PHYSICALOFFSETY PHYSICALWIDTH PLANES PM_NOREMOVE PM_NOYIELD QS_HOTKEY QS_KEY QS_MOUSEMOVE QS_MOUSEBUTTON QS_MOUSE QS_INPUT QS_POSTMESSAGE QS_TIMER QS_PAINT QS_SENDMESSAGE QS_ALLINPUT PM_QS_INPUT PM_QS_POSTMESSAGE PM_QS_PAINT PM_QS_SENDMESSAGE PM_REMOVE PROGRESS_CLASS PS_DASH PS_DASHDOT PS_DASHDOTDOT PS_DOT PS_ENDCAP_FLAT PS_ENDCAP_SQUARE PS_ENDCAP_ROUND PS_ENDCAP_MASK PS_GEOMETRIC PS_JOIN_BEVEL PS_JOIN_MASK PS_JOIN_MITER PS_JOIN_ROUND PS_SOLID PS_STYLE_MASK PS_TYPE_MASK PS_USERSTYLE R2_COPYPEN R2_XORPEN RASTERCAPS RASTER_FONTTYPE RBBIM_CHILD RBBIM_CHILDSIZE RBBIM_COLORS RBBIM_HEADERSIZE RBBIM_ID RBBIM_IDEALSIZE RBBIM_SIZE RBBIM_STYLE RBBIM_TEXT RBBS_BREAK RBBS_GRIPPERALWAYS RBBS_NOGRIPPER RBBS_USECHEVRON RBBS_VARIABLEHEIGHT RBN_FIRST RBN_CHILDSIZE RBN_CHEVRONPUSHED RBN_HEIGHTCHANGE RBS_DBLCLKTOGGLE RBS_BANDBORDERS RBS_VARHEIGHT RB_DELETEBAND RB_GETBANDBORDERS RB_GETBANDCOUNT RB_GETBANDINFO RB_GETBANDMARGINS RB_GETBARHEIGHT RB_GETBKCOLOR RB_GETRECT RB_GETTEXTCOLOR RB_IDTOINDEX RB_INSERTBAND RB_MOVEBAND RB_SETBANDINFO RB_SETBKCOLOR RB_SETTEXTCOLOR RC_BITBLT RC_PALETTE RDW_ALLCHILDREN RDW_ERASE RDW_FRAME RDW_INVALIDATE RDW_UPDATENOW READ_CONTROL REBARCLASSNAME RGN_AND RGN_COPY RGN_DIFF RGN_ERROR RGN_OR SBP_ARROWBTN SBS_HORZ SBS_VERT SB_BOTH SB_BOTTOM SB_CTL SB_ENDSCROLL SB_HORZ SB_LINEDOWN SB_LINEUP SB_PAGEDOWN SB_PAGEUP SB_THUMBPOSITION SB_THUMBTRACK SB_TOP SB_VERT SCF_ALL SCF_DEFAULT SCF_SELECTION SC_CLOSE SC_HSCROLL SC_KEYMENU SC_MAXIMIZE SC_MINIMIZE SC_NEXTWINDOW SC_RESTORE SC_SIZE SC_TASKLIST SC_VSCROLL SEM_FAILCRITICALERRORS SF_RTF SHCMBF_HIDDEN SHCMBM_OVERRIDEKEY SHCMBM_SETSUBMENU SHCMBM_GETSUBMENU SHMBOF_NODEFAULT SHMBOF_NOTIFY SHRG_RETURNCMD SIF_ALL SIF_DISABLENOSCROLL SIF_PAGE SIF_POS SIF_RANGE SIF_TRACKPOS SIP_DOWN SIP_UP SIPF_ON SIZE_RESTORED SIZE_MINIMIZED SIZE_MAXIMIZED SIZEPALETTE SM_CMONITORS SM_CXBORDER SM_CXCURSOR SM_CXEDGE SM_CXHSCROLL SM_CXICON SM_CYICON SM_CXVIRTUALSCREEN SM_CYVIRTUALSCREEN SM_CXSMICON SM_CYSMICON SM_CXSCREEN SM_XVIRTUALSCREEN SM_YVIRTUALSCREEN SM_CXVSCROLL SM_CYBORDER SM_CYCURSOR SM_CYHSCROLL SM_CYMENU SM_CXMINTRACK SM_CYMINTRACK SM_CYSCREEN SM_CYVSCROLL SM_DBCSENABLED SM_IMMENABLED SPI_GETFONTSMOOTHINGTYPE SPI_GETHIGHCONTRAST SPI_GETWORKAREA SPI_GETNONCLIENTMETRICS SPI_GETWHEELSCROLLLINES SPI_SETSIPINFO SRCAND SRCCOPY SRCINVERT SRCPAINT SS_BITMAP SS_CENTER SS_CENTERIMAGE SS_ICON SS_LEFT SS_LEFTNOWORDWRAP SS_NOTIFY SS_OWNERDRAW SS_REALSIZEIMAGE SS_RIGHT STANDARD_RIGHTS_READ STD_COPY STD_CUT STD_FILENEW STD_FILEOPEN STD_FILESAVE STD_PASTE STM_GETIMAGE STM_SETIMAGE SWP_ASYNCWINDOWPOS SWP_DRAWFRAME SWP_NOACTIVATE SWP_NOCOPYBITS SWP_NOMOVE SWP_NOREDRAW SWP_NOSIZE SWP_NOZORDER SW_ERASE SW_HIDE SW_INVALIDATE SW_MINIMIZE SW_PARENTOPENING SW_RESTORE SW_SCROLLCHILDREN SW_SHOW SW_SHOWMAXIMIZED SW_SHOWMINIMIZED SW_SHOWMINNOACTIVE SW_SHOWNA SW_SHOWNOACTIVATE SYNCHRONIZE SYSRGN SYSTEM_FONT S_OK TABP_BODY TBIF_COMMAND TBIF_STATE TBIF_IMAGE TBIF_LPARAM TBIF_SIZE TBIF_STYLE TBIF_TEXT TB_GETEXTENDEDSTYLE TBM_GETLINESIZE TBM_GETPAGESIZE TBM_GETPOS TBM_GETRANGEMAX TBM_GETRANGEMIN TBM_GETTHUMBRECT TBM_SETLINESIZE TBM_SETPAGESIZE TBM_SETPOS TBM_SETRANGEMAX TBM_SETRANGEMIN TBM_SETTICFREQ TBN_DROPDOWN TBN_FIRST TBN_HOTITEMCHANGE TBSTATE_CHECKED TBSTATE_PRESSED TBSTYLE_CUSTOMERASE TBSTYLE_DROPDOWN TBSTATE_ENABLED TBSTYLE_AUTOSIZE TBSTYLE_EX_DOUBLEBUFFER TBSTYLE_EX_DRAWDDARROWS TBSTYLE_EX_HIDECLIPPEDBUTTONS TBSTYLE_EX_MIXEDBUTTONS TBSTYLE_FLAT TBSTYLE_LIST TBSTYLE_TOOLTIPS TBSTYLE_TRANSPARENT TBSTYLE_WRAPABLE TBS_AUTOTICKS TBS_BOTH TBS_DOWNISLEFT TBS_HORZ TBS_VERT TB_ADDSTRING TB_AUTOSIZE TB_BUTTONCOUNT TB_BUTTONSTRUCTSIZE TB_COMMANDTOINDEX TB_DELETEBUTTON TB_ENDTRACK TB_GETBUTTON TB_GETBUTTONINFO TB_GETBUTTONSIZE TB_GETBUTTONTEXT TB_GETDISABLEDIMAGELIST TB_GETHOTIMAGELIST TB_GETHOTITEM TB_GETIMAGELIST TB_GETITEMRECT TB_GETPADDING TB_GETROWS TB_GETSTATE TB_GETTOOLTIPS TB_INSERTBUTTON TB_LOADIMAGES TB_MAPACCELERATOR TB_SETBITMAPSIZE TB_SETBUTTONINFO TB_SETBUTTONSIZE TB_SETDISABLEDIMAGELIST TB_SETEXTENDEDSTYLE TB_SETHOTIMAGELIST TB_SETHOTITEM TB_SETIMAGELIST TB_SETPARENT TB_SETROWS TB_SETSTATE TB_THUMBPOSITION TCIF_IMAGE TCIF_TEXT TCI_SRCCHARSET TCI_SRCCODEPAGE TCM_ADJUSTRECT TCM_DELETEITEM TCM_GETCURSEL TCM_GETITEMCOUNT TCM_GETITEMRECT TCM_GETTOOLTIPS TCM_INSERTITEM TCM_SETCURSEL TCM_SETIMAGELIST TCM_SETITEM TCN_SELCHANGE TCN_SELCHANGING TCS_BOTTOM TCS_FOCUSNEVER TCS_MULTILINE TCS_TABS TCS_TOOLTIPS TECHNOLOGY TME_HOVER TME_LEAVE TME_QUERY TMPF_VECTOR TOOLBARCLASSNAME TOOLTIPS_CLASS TPM_LEFTALIGN TPM_LEFTBUTTON TPM_RIGHTBUTTON TPM_RIGHTALIGN TRACKBAR_CLASS TRANSPARENT TTF_IDISHWND TTF_SUBCLASS TTF_RTLREADING TTM_ADDTOOL TTM_DELTOOL TTM_GETTOOLINFO TTM_GETTOOLINFOA TTM_GETTOOLINFOW TTM_SETMAXTIPWIDTH TTM_UPDATE TTN_FIRST TTN_GETDISPINFO TTN_GETDISPINFOW TTN_GETDISPINFOA TTN_POP TTN_SHOW TTS_ALWAYSTIP TV_FIRST TVE_COLLAPSE TVE_EXPAND TVGN_CARET TVGN_CHILD TVGN_DROPHILITED TVGN_FIRSTVISIBLE TVGN_LASTVISIBLE TVGN_NEXT TVGN_NEXTVISIBLE TVGN_PARENT TVGN_PREVIOUSVISIBLE TVGN_ROOT TVHT_ONITEM TVHT_ONITEMBUTTON TVHT_ONITEMICON TVHT_ONITEMLABEL TVHT_ONITEMSTATEICON TVIF_HANDLE TVIF_IMAGE TVIF_PARAM TVIF_SELECTEDIMAGE TVIF_STATE TVIF_TEXT TVIS_DROPHILITED TVIS_EXPANDED TVIS_SELECTED TVIS_STATEIMAGEMASK TVI_FIRST TVI_LAST TVI_ROOT TVM_DELETEITEM TVM_ENSUREVISIBLE TVM_EXPAND TVM_GETBKCOLOR TVM_GETCOUNT TVM_GETIMAGELIST TVM_GETITEM TVM_GETITEMHEIGHT TVM_GETITEMRECT TVM_GETNEXTITEM TVM_GETTEXTCOLOR TVM_GETTOOLTIPS TVM_GETVISIBLECOUNT TVM_HITTEST TVM_INSERTITEM TVM_MAPACCIDTOHTREEITEM TVM_MAPHTREEITEMTOACCID TVM_SELECTITEM TVM_SETBKCOLOR TVM_SETIMAGELIST TVM_SETINSERTMARK TVM_SETITEM TVM_SETTEXTCOLOR TVN_BEGINDRAGW TVN_BEGINDRAGA TVN_BEGINRDRAGW TVN_BEGINRDRAGA TVN_FIRST TVN_GETDISPINFOA TVN_GETDISPINFOW TVN_ITEMEXPANDEDA TVN_ITEMEXPANDEDW TVN_ITEMEXPANDINGW TVN_ITEMEXPANDINGA TVN_SELCHANGEDW TVN_SELCHANGEDA TVN_SELCHANGINGW TVN_SELCHANGINGA TVSIL_NORMAL TVSIL_STATE TVS_DISABLEDRAGDROP TVS_FULLROWSELECT TVS_HASBUTTONS TVS_HASLINES TVS_LINESATROOT TVS_NOHSCROLL TVS_NOTOOLTIPS TVS_SHOWSELALWAYS UDM_GETACCEL UDM_GETRANGE32 UDM_GETPOS UDM_GETPOS32 UDM_SETACCEL UDM_SETRANGE32 UDM_SETPOS UDM_SETPOS32 UDN_DELTAPOS UDS_WRAP UIS_INITIALIZE UPDOWN_CLASS USP_E_SCRIPT_NOT_IN_FONT VERTRES VK_BACK VK_CANCEL VK_CAPITAL VK_CONTROL VK_DECIMAL VK_DELETE VK_DIVIDE VK_DOWN VK_END VK_ESCAPE VK_F1 VK_F10 VK_F11 VK_F12 VK_F13 VK_F14 VK_F15 VK_F2 VK_F3 VK_F4 VK_F5 VK_F6 VK_F7 VK_F8 VK_F9 VK_HOME VK_INSERT VK_LBUTTON VK_LEFT VK_MBUTTON VK_MENU VK_MULTIPLY VK_N VK_NEXT VK_NUMLOCK VK_NUMPAD0 VK_NUMPAD1 VK_NUMPAD2 VK_NUMPAD3 VK_NUMPAD4 VK_NUMPAD5 VK_NUMPAD6 VK_NUMPAD7 VK_NUMPAD8 VK_NUMPAD9 VK_PAUSE VK_PRIOR VK_RBUTTON VK_RETURN VK_RIGHT VK_SCROLL VK_SEPARATOR VK_SHIFT VK_SNAPSHOT VK_SPACE VK_SUBTRACT VK_TAB VK_UP VK_XBUTTON1 VK_XBUTTON2 VK_ADD VK_APP1 VK_APP2 VK_APP3 VK_APP4 VK_APP5 VK_APP6 WC_HEADER WC_LINK WC_LISTVIEW WC_TABCONTROL WC_TREEVIEW WINDING WH_GETMESSAGE WH_MSGFILTER WH_FOREGROUNDIDLE WHEEL_DELTA WHEEL_PAGESCROLL WM_ACTIVATE WM_ACTIVATEAPP WM_APP WM_CANCELMODE WM_CAPTURECHANGED WM_CHANGEUISTATE WM_CHAR WM_CLEAR WM_CLOSE WM_COMMAND WM_CONTEXTMENU WM_COPY WM_CREATE WM_CTLCOLORBTN WM_CTLCOLORDLG WM_CTLCOLOREDIT WM_CTLCOLORLISTBOX WM_CTLCOLORMSGBOX WM_CTLCOLORSCROLLBAR WM_CTLCOLORSTATIC WM_CUT WM_DEADCHAR WM_DESTROY WM_DRAWITEM WM_ENDSESSION WM_ENTERIDLE WM_ERASEBKGND WM_GETDLGCODE WM_GETFONT WM_GETOBJECT WM_GETMINMAXINFO WM_HELP WM_HOTKEY WM_HSCROLL WM_IME_CHAR WM_IME_COMPOSITION WM_INITDIALOG WM_INITMENUPOPUP WM_INPUTLANGCHANGE WM_KEYDOWN WM_KEYFIRST WM_KEYLAST WM_KEYUP WM_KILLFOCUS WM_LBUTTONDBLCLK WM_LBUTTONDOWN WM_LBUTTONUP WM_MBUTTONDBLCLK WM_MBUTTONDOWN WM_MBUTTONUP WM_MEASUREITEM WM_MENUCHAR WM_MENUSELECT WM_MOUSEACTIVATE WM_MOUSEFIRST WM_MOUSEHOVER WM_MOUSELEAVE WM_MOUSEMOVE WM_MOUSEWHEEL WM_MOUSELAST WM_MOVE WM_NCACTIVATE WM_NCCALCSIZE WM_NCHITTEST WM_NCLBUTTONDOWN WM_NOTIFY WM_NULL WM_PAINT WM_PALETTECHANGED WM_PARENTNOTIFY WM_PASTE WM_PRINTCLIENT WM_QUERYENDSESSION WM_QUERYNEWPALETTE WM_QUERYOPEN WM_RBUTTONDBLCLK WM_RBUTTONDOWN WM_RBUTTONUP WM_SETCURSOR WM_SETFOCUS WM_SETFONT WM_SETICON WM_SETREDRAW WM_SETTEXT WM_SETTINGCHANGE WM_SHOWWINDOW WM_SIZE WM_SYSCHAR WM_SYSCOLORCHANGE WM_SYSCOMMAND WM_SYSKEYDOWN WM_SYSKEYUP WM_TIMER WM_UNDO WM_USER WM_VSCROLL WM_WINDOWPOSCHANGED WM_WINDOWPOSCHANGING WS_BORDER WS_CAPTION WS_CHILD WS_CLIPCHILDREN WS_CLIPSIBLINGS WS_DISABLED WS_EX_CAPTIONOKBTN WS_EX_CLIENTEDGE WS_EX_DLGMODALFRAME WS_EX_LAYOUTRTL WS_EX_LEFTSCROLLBAR WS_EX_MDICHILD WS_EX_NOINHERITLAYOUT WS_EX_RIGHT WS_EX_RTLREADING WS_EX_STATICEDGE WS_EX_TOOLWINDOW WS_EX_TOPMOST WS_EX_TRANSPARENT WS_HSCROLL WS_MAXIMIZEBOX WS_MINIMIZEBOX WS_OVERLAPPED WS_OVERLAPPEDWINDOW WS_POPUP WS_SYSMENU WS_TABSTOP WS_THICKFRAME WS_VISIBLE WS_VSCROLL WM_XBUTTONDOWN WM_XBUTTONUP WM_XBUTTONDBLCLK XBUTTON1 XBUTTON2","BITMAP":"bmType bmWidth bmHeight bmWidthBytes bmPlanes bmBitsPixel bmBits sizeof","OleControlSite":"iOleControlSite iDispatch olePropertyChangeSink oleEventSink oleEventSinkGUID oleEventSinkIUnknown currentControlInfo sitePropertyIds sitePropertyValues","Scale":"TrackBarProc TrackBarClass","Point":"x y serialVersionUID","OSVERSIONINFOW":"szCSDVersion sizeof","SashForm":"SASH_WIDTH sashStyle sashes background foreground controls maxControl sashListener DRAG_MINIMUM","COSERVERINFO":"dwReserved1 pwszName pAuthInfo dwReserved2 sizeof","Callback":"object method signature argCount address errorResult isStatic isArrayBased PTR_SIZEOF PTR_SIGNATURE SIGNATURE_0 SIGNATURE_1 SIGNATURE_2 SIGNATURE_3 SIGNATURE_4 SIGNATURE_N","TableTreeEditor":"tableTree item column columnListener treeListener runnable","NOTIFYICONDATA":"cbSize hWnd uID uFlags uCallbackMessage hIcon dwState dwStateMask uVersion dwInfoFlags sizeof","OleClientSite":"iUnknown iOleClientSite iAdviseSink iOleInPlaceSite iOleDocumentSite appClsid objClsid refCount frame objIUnknown objIOleObject objIViewObject2 objIOleInPlaceObject objIOleCommandTarget objDocumentView tempStorage aspect type isStatic borderWidths indent inUpdate inInit inDispose WORDPROGID listener STATE_NONE STATE_RUNNING STATE_INPLACEACTIVE STATE_UIACTIVE STATE_ACTIVE state","POINT":"x y sizeof","ImageLoader":"data logicalScreenWidth logicalScreenHeight backgroundPixel repeatCount imageLoaderListeners","SHMENUBARINFO":"cbSize hwndParent dwFlags nToolBarId hInstRes nBmpId cBmpImages hwndMB sizeof","FileDialog":"filterNames filterExtensions fileNames filterPath fileName FILTER BUFFER_SIZE","PopupList":"shell list minimumWidth"}