{"TypedEvent":"org.eclipse.swt.events.TypedEvent","ISpecifyPropertyPages":"org.eclipse.swt.internal.ole.win32.ISpecifyPropertyPages","IClassFactory2":"org.eclipse.swt.internal.ole.win32.IClassFactory2","AccessibleListener":"org.eclipse.swt.accessibility.AccessibleListener","AccessibleControlAdapter":"org.eclipse.swt.accessibility.AccessibleControlAdapter","LineBackgroundEvent":"org.eclipse.swt.custom.LineBackgroundEvent","TextChangingEvent":"org.eclipse.swt.custom.TextChangingEvent","OLECMDTEXT":"org.eclipse.swt.internal.ole.win32.OLECMDTEXT","Widget":"org.eclipse.swt.widgets.Widget","CBannerLayout":"org.eclipse.swt.custom.CBannerLayout","CTabItem":"org.eclipse.swt.custom.CTabItem","FORMATETC":"org.eclipse.swt.internal.ole.win32.FORMATETC","CoolBar":"org.eclipse.swt.widgets.CoolBar","DropTargetListener":"org.eclipse.swt.dnd.DropTargetListener","Button":"org.eclipse.swt.widgets.Button","SHELLEXECUTEINFO":"org.eclipse.swt.internal.win32.SHELLEXECUTEINFO","OlePropertyChangeSink":"org.eclipse.swt.ole.win32.OlePropertyChangeSink","SCROLLINFO":"org.eclipse.swt.internal.win32.SCROLLINFO","IFont":"org.eclipse.swt.internal.ole.win32.IFont","SIZE":"org.eclipse.swt.internal.win32.SIZE","PngHuffmanTables":"org.eclipse.swt.internal.image.PngHuffmanTables","JPEGStartOfImage":"org.eclipse.swt.internal.image.JPEGStartOfImage","NMREBARCHILDSIZE":"org.eclipse.swt.internal.win32.NMREBARCHILDSIZE","ShellListener":"org.eclipse.swt.events.ShellListener","Transfer":"org.eclipse.swt.dnd.Transfer","COMPOSITIONFORM":"org.eclipse.swt.internal.win32.COMPOSITIONFORM","IConnectionPoint":"org.eclipse.swt.internal.ole.win32.IConnectionPoint","Link":"org.eclipse.swt.widgets.Link","MENUINFO":"org.eclipse.swt.internal.win32.MENUINFO","OleFrame":"org.eclipse.swt.ole.win32.OleFrame","SHRGINFO":"org.eclipse.swt.internal.win32.SHRGINFO","SHACTIVATEINFO":"org.eclipse.swt.internal.win32.SHACTIVATEINFO","FontDialog":"org.eclipse.swt.widgets.FontDialog","CTabFolder2Listener":"org.eclipse.swt.custom.CTabFolder2Listener","AccessibleControlEvent":"org.eclipse.swt.accessibility.AccessibleControlEvent","StyleRange":"org.eclipse.swt.custom.StyleRange","BUTTON_IMAGELIST":"org.eclipse.swt.internal.win32.BUTTON_IMAGELIST","Font":"org.eclipse.swt.graphics.Font","DisplayRenderer":"org.eclipse.swt.custom.DisplayRenderer","MouseListener":"org.eclipse.swt.events.MouseListener","TransferData":"org.eclipse.swt.dnd.TransferData","SWTEventObject":"org.eclipse.swt.internal.SWTEventObject","TBBUTTONINFO":"org.eclipse.swt.internal.win32.TBBUTTONINFO","VerifyEvent":"org.eclipse.swt.events.VerifyEvent","ProgressBar":"org.eclipse.swt.widgets.ProgressBar","Path":"org.eclipse.swt.graphics.Path","FormLayout":"org.eclipse.swt.layout.FormLayout","JPEGArithmeticConditioningTable":"org.eclipse.swt.internal.image.JPEGArithmeticConditioningTable","ACC":"org.eclipse.swt.accessibility.ACC","MouseEvent":"org.eclipse.swt.events.MouseEvent","TraverseListener":"org.eclipse.swt.events.TraverseListener","CTabFolderEvent":"org.eclipse.swt.custom.CTabFolderEvent","DragSource":"org.eclipse.swt.dnd.DragSource","StyledTextPrintOptions":"org.eclipse.swt.custom.StyledTextPrintOptions","ProgressListener":"org.eclipse.swt.browser.ProgressListener","PngChunkReader":"org.eclipse.swt.internal.image.PngChunkReader","Layout":"org.eclipse.swt.widgets.Layout","WindowEvent":"org.eclipse.swt.browser.WindowEvent","ToolBar":"org.eclipse.swt.widgets.ToolBar","KeyListener":"org.eclipse.swt.events.KeyListener","PngTrnsChunk":"org.eclipse.swt.internal.image.PngTrnsChunk","Tracker":"org.eclipse.swt.widgets.Tracker","CTabFolder":"org.eclipse.swt.custom.CTabFolder","DIBSECTION":"org.eclipse.swt.internal.win32.DIBSECTION","PngLzBlockReader":"org.eclipse.swt.internal.image.PngLzBlockReader","KeyAdapter":"org.eclipse.swt.events.KeyAdapter","TableTree":"org.eclipse.swt.custom.TableTree","TreeAdapter":"org.eclipse.swt.events.TreeAdapter","ProgressEvent":"org.eclipse.swt.browser.ProgressEvent","VisibilityWindowAdapter":"org.eclipse.swt.browser.VisibilityWindowAdapter","FILETIME":"org.eclipse.swt.internal.win32.FILETIME","TextStyle":"org.eclipse.swt.graphics.TextStyle","TIFFFileFormat":"org.eclipse.swt.internal.image.TIFFFileFormat","Dialog":"org.eclipse.swt.widgets.Dialog","ImageData":"org.eclipse.swt.graphics.ImageData","OPENFILENAME":"org.eclipse.swt.internal.win32.OPENFILENAME","SelectionEvent":"org.eclipse.swt.events.SelectionEvent","List":"org.eclipse.swt.widgets.List","TRACKMOUSEEVENT":"org.eclipse.swt.internal.win32.TRACKMOUSEEVENT","FormAttachment":"org.eclipse.swt.layout.FormAttachment","DISPPARAMS":"org.eclipse.swt.internal.ole.win32.DISPPARAMS","NMCUSTOMDRAW":"org.eclipse.swt.internal.win32.NMCUSTOMDRAW","TVITEM":"org.eclipse.swt.internal.win32.TVITEM","LOGBRUSH":"org.eclipse.swt.internal.win32.LOGBRUSH","OleParameterDescription":"org.eclipse.swt.ole.win32.OleParameterDescription","PaintListener":"org.eclipse.swt.events.PaintListener","WinICOFileFormat":"org.eclipse.swt.internal.image.WinICOFileFormat","Color":"org.eclipse.swt.graphics.Color","LICINFO":"org.eclipse.swt.internal.ole.win32.LICINFO","MARGINS":"org.eclipse.swt.internal.win32.MARGINS","MENUITEMINFO":"org.eclipse.swt.internal.win32.MENUITEMINFO","TreeDragUnderEffect":"org.eclipse.swt.dnd.TreeDragUnderEffect","RGB":"org.eclipse.swt.graphics.RGB","HDITEM":"org.eclipse.swt.internal.win32.HDITEM","PngPlteChunk":"org.eclipse.swt.internal.image.PngPlteChunk","IPersist":"org.eclipse.swt.internal.ole.win32.IPersist","WebSite":"org.eclipse.swt.browser.WebSite","Caret":"org.eclipse.swt.widgets.Caret","SelectionListener":"org.eclipse.swt.events.SelectionListener","DefaultLineStyler":"org.eclipse.swt.custom.DefaultLineStyler","Listener":"org.eclipse.swt.widgets.Listener","JPEGQuantizationTable":"org.eclipse.swt.internal.image.JPEGQuantizationTable","ModifyListener":"org.eclipse.swt.events.ModifyListener","COMBOBOXINFO":"org.eclipse.swt.internal.win32.COMBOBOXINFO","IStream":"org.eclipse.swt.internal.ole.win32.IStream","IEnum":"org.eclipse.swt.internal.ole.win32.IEnum","Decorations":"org.eclipse.swt.widgets.Decorations","CloseWindowListener":"org.eclipse.swt.browser.CloseWindowListener","TableTreeItem":"org.eclipse.swt.custom.TableTreeItem","PrinterData":"org.eclipse.swt.printing.PrinterData","NMHDR":"org.eclipse.swt.internal.win32.NMHDR","MINMAXINFO":"org.eclipse.swt.internal.win32.MINMAXINFO","GC":"org.eclipse.swt.graphics.GC","AccessibleEvent":"org.eclipse.swt.accessibility.AccessibleEvent","LocationEvent":"org.eclipse.swt.browser.LocationEvent","RunnableLock":"org.eclipse.swt.widgets.RunnableLock","IAccessible":"org.eclipse.swt.internal.ole.win32.IAccessible","HelpEvent":"org.eclipse.swt.events.HelpEvent","DragSourceAdapter":"org.eclipse.swt.dnd.DragSourceAdapter","IDataObject":"org.eclipse.swt.internal.ole.win32.IDataObject","TabFolder":"org.eclipse.swt.widgets.TabFolder","PathData":"org.eclipse.swt.graphics.PathData","TableEditor":"org.eclipse.swt.custom.TableEditor","TitleEvent":"org.eclipse.swt.browser.TitleEvent","HELPINFO":"org.eclipse.swt.internal.win32.HELPINFO","LZWNode":"org.eclipse.swt.internal.image.LZWNode","AnimatedProgress":"org.eclipse.swt.custom.AnimatedProgress","DND":"org.eclipse.swt.dnd.DND","ControlEvent":"org.eclipse.swt.events.ControlEvent","HIGHCONTRAST":"org.eclipse.swt.internal.win32.HIGHCONTRAST","SCRIPT_CONTROL":"org.eclipse.swt.internal.win32.SCRIPT_CONTROL","ArmEvent":"org.eclipse.swt.events.ArmEvent","OleEventTable":"org.eclipse.swt.ole.win32.OleEventTable","PngChunk":"org.eclipse.swt.internal.image.PngChunk","Image":"org.eclipse.swt.graphics.Image","OLECMD":"org.eclipse.swt.internal.ole.win32.OLECMD","StatusTextEvent":"org.eclipse.swt.browser.StatusTextEvent","LITEM":"org.eclipse.swt.internal.win32.LITEM","GIFFileFormat":"org.eclipse.swt.internal.image.GIFFileFormat","ModifyEvent":"org.eclipse.swt.events.ModifyEvent","LVITEM":"org.eclipse.swt.internal.win32.LVITEM","StyledTextListener":"org.eclipse.swt.custom.StyledTextListener","TCHAR":"org.eclipse.swt.internal.win32.TCHAR","ScrolledComposite":"org.eclipse.swt.custom.ScrolledComposite","JPEGFrameHeader":"org.eclipse.swt.internal.image.JPEGFrameHeader","EXTLOGPEN":"org.eclipse.swt.internal.win32.EXTLOGPEN","TextChangeListener":"org.eclipse.swt.custom.TextChangeListener","BROWSEINFO":"org.eclipse.swt.internal.win32.BROWSEINFO","Accessible":"org.eclipse.swt.accessibility.Accessible","SCRIPT_ITEM":"org.eclipse.swt.internal.win32.SCRIPT_ITEM","StyledTextEvent":"org.eclipse.swt.custom.StyledTextEvent","TVINSERTSTRUCT":"org.eclipse.swt.internal.win32.TVINSERTSTRUCT","FontData":"org.eclipse.swt.graphics.FontData","JPEGEndOfImage":"org.eclipse.swt.internal.image.JPEGEndOfImage","ImageLoaderListener":"org.eclipse.swt.graphics.ImageLoaderListener","NMTBHOTITEM":"org.eclipse.swt.internal.win32.NMTBHOTITEM","FillLayout":"org.eclipse.swt.layout.FillLayout","TCITEM":"org.eclipse.swt.internal.win32.TCITEM","LZWCodec":"org.eclipse.swt.internal.image.LZWCodec","Variant":"org.eclipse.swt.ole.win32.Variant","NMRGINFO":"org.eclipse.swt.internal.win32.NMRGINFO","CCombo":"org.eclipse.swt.custom.CCombo","NMLVFINDITEM":"org.eclipse.swt.internal.win32.NMLVFINDITEM","CTabFolderListener":"org.eclipse.swt.custom.CTabFolderListener","IProvideClassInfo":"org.eclipse.swt.internal.ole.win32.IProvideClassInfo","ViewFormLayout":"org.eclipse.swt.custom.ViewFormLayout","FocusAdapter":"org.eclipse.swt.events.FocusAdapter","GCP_RESULTS":"org.eclipse.swt.internal.win32.GCP_RESULTS","ExtendedModifyListener":"org.eclipse.swt.custom.ExtendedModifyListener","KEYBDINPUT":"org.eclipse.swt.internal.win32.KEYBDINPUT","BidiSegmentEvent":"org.eclipse.swt.custom.BidiSegmentEvent","AccessibleControlListener":"org.eclipse.swt.accessibility.AccessibleControlListener","CONTROLINFO":"org.eclipse.swt.internal.ole.win32.CONTROLINFO","DragSourceListener":"org.eclipse.swt.dnd.DragSourceListener","IProvideClassInfo2":"org.eclipse.swt.internal.ole.win32.IProvideClassInfo2","DragSourceEvent":"org.eclipse.swt.dnd.DragSourceEvent","NMUPDOWN":"org.eclipse.swt.internal.win32.NMUPDOWN","GridLayout":"org.eclipse.swt.layout.GridLayout","RowData":"org.eclipse.swt.layout.RowData","ScrolledCompositeLayout":"org.eclipse.swt.custom.ScrolledCompositeLayout","TreeColumn":"org.eclipse.swt.widgets.TreeColumn","Menu":"org.eclipse.swt.widgets.Menu","ByteArrayTransfer":"org.eclipse.swt.dnd.ByteArrayTransfer","CoolItem":"org.eclipse.swt.widgets.CoolItem","PngFileReadState":"org.eclipse.swt.internal.image.PngFileReadState","COM":"org.eclipse.swt.internal.ole.win32.COM","Sash":"org.eclipse.swt.widgets.Sash","MouseAdapter":"org.eclipse.swt.events.MouseAdapter","Text":"org.eclipse.swt.widgets.Text","WINDOWPOS":"org.eclipse.swt.internal.win32.WINDOWPOS","NMREBARCHEVRON":"org.eclipse.swt.internal.win32.NMREBARCHEVRON","GRADIENT_RECT":"org.eclipse.swt.internal.win32.GRADIENT_RECT","IOleObject":"org.eclipse.swt.internal.ole.win32.IOleObject","ITypeInfo":"org.eclipse.swt.internal.ole.win32.ITypeInfo","JPEGVariableSizeSegment":"org.eclipse.swt.internal.image.JPEGVariableSizeSegment","IOleInPlaceActiveObject":"org.eclipse.swt.internal.ole.win32.IOleInPlaceActiveObject","Clipboard":"org.eclipse.swt.dnd.Clipboard","Transform":"org.eclipse.swt.graphics.Transform","LOGPEN":"org.eclipse.swt.internal.win32.LOGPEN","LineStyleEvent":"org.eclipse.swt.custom.LineStyleEvent","CTabFolderAdapter":"org.eclipse.swt.custom.CTabFolderAdapter","TraverseEvent":"org.eclipse.swt.events.TraverseEvent","TreeItem":"org.eclipse.swt.widgets.TreeItem","MouseTrackListener":"org.eclipse.swt.events.MouseTrackListener","DisposeEvent":"org.eclipse.swt.events.DisposeEvent","PngIendChunk":"org.eclipse.swt.internal.image.PngIendChunk","TBBUTTON":"org.eclipse.swt.internal.win32.TBBUTTON","CLayoutData":"org.eclipse.swt.custom.CLayoutData","DRAWITEMSTRUCT":"org.eclipse.swt.internal.win32.DRAWITEMSTRUCT","JPEGFixedSizeSegment":"org.eclipse.swt.internal.image.JPEGFixedSizeSegment","URLTransfer":"org.eclipse.swt.dnd.URLTransfer","LocationAdapter":"org.eclipse.swt.browser.LocationAdapter","DropTargetEvent":"org.eclipse.swt.dnd.DropTargetEvent","EventTable":"org.eclipse.swt.widgets.EventTable","IEnumSTATSTG":"org.eclipse.swt.internal.ole.win32.IEnumSTATSTG","IEnumFORMATETC":"org.eclipse.swt.internal.ole.win32.IEnumFORMATETC","NONCLIENTMETRICSW":"org.eclipse.swt.internal.win32.NONCLIENTMETRICSW","Library":"org.eclipse.swt.internal.Library","DVTARGETDEVICE":"org.eclipse.swt.internal.ole.win32.DVTARGETDEVICE","OleEventSink":"org.eclipse.swt.ole.win32.OleEventSink","ScrollBar":"org.eclipse.swt.widgets.ScrollBar","WINDOWPLACEMENT":"org.eclipse.swt.internal.win32.WINDOWPLACEMENT","NONCLIENTMETRICSA":"org.eclipse.swt.internal.win32.NONCLIENTMETRICSA","RECT":"org.eclipse.swt.internal.win32.RECT","SCRIPT_STATE":"org.eclipse.swt.internal.win32.SCRIPT_STATE","IMoniker":"org.eclipse.swt.internal.ole.win32.IMoniker","IEnumVARIANT":"org.eclipse.swt.internal.ole.win32.IEnumVARIANT","ColorDialog":"org.eclipse.swt.widgets.ColorDialog","JPEGHuffmanTable":"org.eclipse.swt.internal.image.JPEGHuffmanTable","Monitor":"org.eclipse.swt.widgets.Monitor","NMTTDISPINFO":"org.eclipse.swt.internal.win32.NMTTDISPINFO","NoDragUnderEffect":"org.eclipse.swt.dnd.NoDragUnderEffect","IConnectionPointContainer":"org.eclipse.swt.internal.ole.win32.IConnectionPointContainer","ToolItem":"org.eclipse.swt.widgets.ToolItem","DLLVERSIONINFO":"org.eclipse.swt.internal.win32.DLLVERSIONINFO","ShellAdapter":"org.eclipse.swt.events.ShellAdapter","PaintEvent":"org.eclipse.swt.events.PaintEvent","OS":"org.eclipse.swt.internal.win32.OS","BITMAP":"org.eclipse.swt.internal.win32.BITMAP","BidiSegmentListener":"org.eclipse.swt.custom.BidiSegmentListener","Scale":"org.eclipse.swt.widgets.Scale","Point":"org.eclipse.swt.graphics.Point","COSERVERINFO":"org.eclipse.swt.internal.ole.win32.COSERVERINFO","Callback":"org.eclipse.swt.internal.Callback","TableTreeEditor":"org.eclipse.swt.custom.TableTreeEditor","OleClientSite":"org.eclipse.swt.ole.win32.OleClientSite","IOleLink":"org.eclipse.swt.internal.ole.win32.IOleLink","POINT":"org.eclipse.swt.internal.win32.POINT","ImageLoader":"org.eclipse.swt.graphics.ImageLoader","FileDialog":"org.eclipse.swt.widgets.FileDialog","PopupList":"org.eclipse.swt.custom.PopupList","TRIVERTEX":"org.eclipse.swt.internal.win32.TRIVERTEX","HelpListener":"org.eclipse.swt.events.HelpListener","JPEGComment":"org.eclipse.swt.internal.image.JPEGComment","JPEGFileFormat":"org.eclipse.swt.internal.image.JPEGFileFormat","PointF":"org.eclipse.swt.internal.gdip.PointF","OLE":"org.eclipse.swt.ole.win32.OLE","COMObject":"org.eclipse.swt.internal.ole.win32.COMObject","RTFTransfer":"org.eclipse.swt.dnd.RTFTransfer","DOCINFO":"org.eclipse.swt.internal.win32.DOCINFO","ICONINFO":"org.eclipse.swt.internal.win32.ICONINFO","ControlListener":"org.eclipse.swt.events.ControlListener","SerializableCompatibility":"org.eclipse.swt.internal.SerializableCompatibility","DeviceData":"org.eclipse.swt.graphics.DeviceData","JPEGRestartInterval":"org.eclipse.swt.internal.image.JPEGRestartInterval","IOleCommandTarget":"org.eclipse.swt.internal.ole.win32.IOleCommandTarget","Rect":"org.eclipse.swt.internal.gdip.Rect","OlePropertyDescription":"org.eclipse.swt.ole.win32.OlePropertyDescription","LOGFONTA":"org.eclipse.swt.internal.win32.LOGFONTA","Drawable":"org.eclipse.swt.graphics.Drawable","DropTargetAdapter":"org.eclipse.swt.dnd.DropTargetAdapter","ViewForm":"org.eclipse.swt.custom.ViewForm","PRINTDLG":"org.eclipse.swt.internal.win32.PRINTDLG","IOleDocument":"org.eclipse.swt.internal.ole.win32.IOleDocument","JPEGAppn":"org.eclipse.swt.internal.image.JPEGAppn","Compatibility":"org.eclipse.swt.internal.Compatibility","Group":"org.eclipse.swt.widgets.Group","LOGFONT":"org.eclipse.swt.internal.win32.LOGFONT","Spinner":"org.eclipse.swt.widgets.Spinner","WrappedContent":"org.eclipse.swt.custom.WrappedContent","LOGFONTW":"org.eclipse.swt.internal.win32.LOGFONTW","LVHITTESTINFO":"org.eclipse.swt.internal.win32.LVHITTESTINFO","TOOLINFO":"org.eclipse.swt.internal.win32.TOOLINFO","TVHITTESTINFO":"org.eclipse.swt.internal.win32.TVHITTESTINFO","AccessibleTextEvent":"org.eclipse.swt.accessibility.AccessibleTextEvent","OLEINPLACEFRAMEINFO":"org.eclipse.swt.internal.ole.win32.OLEINPLACEFRAMEINFO","BidiUtil":"org.eclipse.swt.internal.BidiUtil","GCData":"org.eclipse.swt.graphics.GCData","ST":"org.eclipse.swt.custom.ST","LEDataOutputStream":"org.eclipse.swt.internal.image.LEDataOutputStream","LVCOLUMN":"org.eclipse.swt.internal.win32.LVCOLUMN","TreeEditor":"org.eclipse.swt.custom.TreeEditor","Composite":"org.eclipse.swt.widgets.Composite","SWTEventListener":"org.eclipse.swt.internal.SWTEventListener","MONITORINFO":"org.eclipse.swt.internal.win32.MONITORINFO","MessageBox":"org.eclipse.swt.widgets.MessageBox","RectF":"org.eclipse.swt.internal.gdip.RectF","SWT":"org.eclipse.swt.SWT","TYPEATTR":"org.eclipse.swt.internal.ole.win32.TYPEATTR","OleListener":"org.eclipse.swt.ole.win32.OleListener","Event":"org.eclipse.swt.widgets.Event","JPEGSegment":"org.eclipse.swt.internal.image.JPEGSegment","OpenWindowListener":"org.eclipse.swt.browser.OpenWindowListener","Display":"org.eclipse.swt.widgets.Display","TextTransfer":"org.eclipse.swt.dnd.TextTransfer","ControlEditor":"org.eclipse.swt.custom.ControlEditor","ControlAdapter":"org.eclipse.swt.events.ControlAdapter","STATSTG":"org.eclipse.swt.internal.ole.win32.STATSTG","Label":"org.eclipse.swt.widgets.Label","IPersistStorage":"org.eclipse.swt.internal.ole.win32.IPersistStorage","OleEvent":"org.eclipse.swt.ole.win32.OleEvent","ShellEvent":"org.eclipse.swt.events.ShellEvent","Combo":"org.eclipse.swt.widgets.Combo","SCRIPT_ANALYSIS":"org.eclipse.swt.internal.win32.SCRIPT_ANALYSIS","NMLVDISPINFO":"org.eclipse.swt.internal.win32.NMLVDISPINFO","JPEGScanHeader":"org.eclipse.swt.internal.image.JPEGScanHeader","TreeEvent":"org.eclipse.swt.events.TreeEvent","VisibilityWindowListener":"org.eclipse.swt.browser.VisibilityWindowListener","REBARBANDINFO":"org.eclipse.swt.internal.win32.REBARBANDINFO","TreeListener":"org.eclipse.swt.events.TreeListener","TIFFModifiedHuffmanCodec":"org.eclipse.swt.internal.image.TIFFModifiedHuffmanCodec","FormData":"org.eclipse.swt.layout.FormData","WNDCLASS":"org.eclipse.swt.internal.win32.WNDCLASS","Program":"org.eclipse.swt.program.Program","VerifyListener":"org.eclipse.swt.events.VerifyListener","BLENDFUNCTION":"org.eclipse.swt.internal.win32.BLENDFUNCTION","Canvas":"org.eclipse.swt.widgets.Canvas","GUID":"org.eclipse.swt.internal.ole.win32.GUID","OleFunctionDescription":"org.eclipse.swt.ole.win32.OleFunctionDescription","DNDListener":"org.eclipse.swt.dnd.DNDListener","TIFFDirectory":"org.eclipse.swt.internal.image.TIFFDirectory","CloneableCompatibility":"org.eclipse.swt.internal.CloneableCompatibility","GdiplusStartupInput":"org.eclipse.swt.internal.gdip.GdiplusStartupInput","TabItem":"org.eclipse.swt.widgets.TabItem","IUnknown":"org.eclipse.swt.internal.ole.win32.IUnknown","PrintRenderer":"org.eclipse.swt.custom.PrintRenderer","Region":"org.eclipse.swt.graphics.Region","ProgressAdapter":"org.eclipse.swt.browser.ProgressAdapter","CLabel":"org.eclipse.swt.custom.CLabel","SCRIPT_FONTPROPERTIES":"org.eclipse.swt.internal.win32.SCRIPT_FONTPROPERTIES","Slider":"org.eclipse.swt.widgets.Slider","Gdip":"org.eclipse.swt.internal.gdip.Gdip","MenuListener":"org.eclipse.swt.events.MenuListener","TEXTMETRICA":"org.eclipse.swt.internal.win32.TEXTMETRICA","GUITHREADINFO":"org.eclipse.swt.internal.win32.GUITHREADINFO","HDLAYOUT":"org.eclipse.swt.internal.win32.HDLAYOUT","TypedListener":"org.eclipse.swt.widgets.TypedListener","ImageLoaderEvent":"org.eclipse.swt.graphics.ImageLoaderEvent","Shell":"org.eclipse.swt.widgets.Shell","Control":"org.eclipse.swt.widgets.Control","LocationListener":"org.eclipse.swt.browser.LocationListener","NMTOOLBAR":"org.eclipse.swt.internal.win32.NMTOOLBAR","TEXTMETRICW":"org.eclipse.swt.internal.win32.TEXTMETRICW","PngIhdrChunk":"org.eclipse.swt.internal.image.PngIhdrChunk","SWTError":"org.eclipse.swt.SWTError","NMLISTVIEW":"org.eclipse.swt.internal.win32.NMLISTVIEW","PngDecodingDataStream":"org.eclipse.swt.internal.image.PngDecodingDataStream","MenuItem":"org.eclipse.swt.widgets.MenuItem","SashFormData":"org.eclipse.swt.custom.SashFormData","TextLayout":"org.eclipse.swt.graphics.TextLayout","INITCOMMONCONTROLSEX":"org.eclipse.swt.internal.win32.INITCOMMONCONTROLSEX","GridData":"org.eclipse.swt.layout.GridData","LineBackgroundListener":"org.eclipse.swt.custom.LineBackgroundListener","PngHuffmanTable":"org.eclipse.swt.internal.image.PngHuffmanTable","MENUBARINFO":"org.eclipse.swt.internal.win32.MENUBARINFO","VARDESC":"org.eclipse.swt.internal.ole.win32.VARDESC","LineStyleListener":"org.eclipse.swt.custom.LineStyleListener","StyledTextContent":"org.eclipse.swt.custom.StyledTextContent","Platform":"org.eclipse.swt.internal.Platform","IOleInPlaceObject":"org.eclipse.swt.internal.ole.win32.IOleInPlaceObject","VerifyKeyListener":"org.eclipse.swt.custom.VerifyKeyListener","OSVERSIONINFOA":"org.eclipse.swt.internal.win32.OSVERSIONINFOA","TableItem":"org.eclipse.swt.widgets.TableItem","Rectangle":"org.eclipse.swt.graphics.Rectangle","StatusTextListener":"org.eclipse.swt.browser.StatusTextListener","CAUUID":"org.eclipse.swt.internal.ole.win32.CAUUID","Scrollable":"org.eclipse.swt.widgets.Scrollable","FileFormat":"org.eclipse.swt.internal.image.FileFormat","IPersistStreamInit":"org.eclipse.swt.internal.ole.win32.IPersistStreamInit","AccessibleTextAdapter":"org.eclipse.swt.accessibility.AccessibleTextAdapter","ArmListener":"org.eclipse.swt.events.ArmListener","Item":"org.eclipse.swt.widgets.Item","DROPFILES":"org.eclipse.swt.internal.win32.DROPFILES","AccessibleTextListener":"org.eclipse.swt.accessibility.AccessibleTextListener","SashFormLayout":"org.eclipse.swt.custom.SashFormLayout","ExtendedModifyEvent":"org.eclipse.swt.custom.ExtendedModifyEvent","TableDragUnderEffect":"org.eclipse.swt.dnd.TableDragUnderEffect","Synchronizer":"org.eclipse.swt.widgets.Synchronizer","CBanner":"org.eclipse.swt.custom.CBanner","FileTransfer":"org.eclipse.swt.dnd.FileTransfer","HTMLTransfer":"org.eclipse.swt.dnd.HTMLTransfer","OS2BMPFileFormat":"org.eclipse.swt.internal.image.OS2BMPFileFormat","TableColumn":"org.eclipse.swt.widgets.TableColumn","TrayItem":"org.eclipse.swt.widgets.TrayItem","BITMAPINFOHEADER":"org.eclipse.swt.internal.win32.BITMAPINFOHEADER","FocusListener":"org.eclipse.swt.events.FocusListener","Browser":"org.eclipse.swt.browser.Browser","NMLINK":"org.eclipse.swt.internal.win32.NMLINK","PNGFileFormat":"org.eclipse.swt.internal.image.PNGFileFormat","TableCursor":"org.eclipse.swt.custom.TableCursor","NMLVCUSTOMDRAW":"org.eclipse.swt.internal.win32.NMLVCUSTOMDRAW","AccessibleAdapter":"org.eclipse.swt.accessibility.AccessibleAdapter","TextChangedEvent":"org.eclipse.swt.custom.TextChangedEvent","PaletteData":"org.eclipse.swt.graphics.PaletteData","LRESULT":"org.eclipse.swt.internal.win32.LRESULT","FontMetrics":"org.eclipse.swt.graphics.FontMetrics","RowLayout":"org.eclipse.swt.layout.RowLayout","StackLayout":"org.eclipse.swt.custom.StackLayout","NMTTDISPINFOW":"org.eclipse.swt.internal.win32.NMTTDISPINFOW","MenuEvent":"org.eclipse.swt.events.MenuEvent","MSG":"org.eclipse.swt.internal.win32.MSG","Pattern":"org.eclipse.swt.graphics.Pattern","NMTTDISPINFOA":"org.eclipse.swt.internal.win32.NMTTDISPINFOA","Table":"org.eclipse.swt.widgets.Table","PrintDialog":"org.eclipse.swt.printing.PrintDialog","StyledTextRenderer":"org.eclipse.swt.custom.StyledTextRenderer","MenuAdapter":"org.eclipse.swt.events.MenuAdapter","SWT_AWT":"org.eclipse.swt.awt.SWT_AWT","DefaultContent":"org.eclipse.swt.custom.DefaultContent","ImageList":"org.eclipse.swt.widgets.ImageList","Tray":"org.eclipse.swt.widgets.Tray","NMTVDISPINFO":"org.eclipse.swt.internal.win32.NMTVDISPINFO","TIFFRandomFileAccess":"org.eclipse.swt.internal.image.TIFFRandomFileAccess","OSVERSIONINFO":"org.eclipse.swt.internal.win32.OSVERSIONINFO","CHOOSEFONT":"org.eclipse.swt.internal.win32.CHOOSEFONT","ACCEL":"org.eclipse.swt.internal.win32.ACCEL","TitleListener":"org.eclipse.swt.browser.TitleListener","INPUT":"org.eclipse.swt.internal.win32.INPUT","MouseTrackAdapter":"org.eclipse.swt.events.MouseTrackAdapter","Printer":"org.eclipse.swt.printing.Printer","Cursor":"org.eclipse.swt.graphics.Cursor","OleEnumFORMATETC":"org.eclipse.swt.dnd.OleEnumFORMATETC","FocusEvent":"org.eclipse.swt.events.FocusEvent","IOleDocumentView":"org.eclipse.swt.internal.ole.win32.IOleDocumentView","SWTException":"org.eclipse.swt.SWTException","NOTIFYICONDATAW":"org.eclipse.swt.internal.win32.NOTIFYICONDATAW","CREATESTRUCT":"org.eclipse.swt.internal.win32.CREATESTRUCT","Tree":"org.eclipse.swt.widgets.Tree","BusyIndicator":"org.eclipse.swt.custom.BusyIndicator","PAINTSTRUCT":"org.eclipse.swt.internal.win32.PAINTSTRUCT","StyledText":"org.eclipse.swt.custom.StyledText","Device":"org.eclipse.swt.graphics.Device","Resource":"org.eclipse.swt.graphics.Resource","SIPINFO":"org.eclipse.swt.internal.win32.SIPINFO","PngIdatChunk":"org.eclipse.swt.internal.image.PngIdatChunk","EXCEPINFO":"org.eclipse.swt.internal.ole.win32.EXCEPINFO","NOTIFYICONDATAA":"org.eclipse.swt.internal.win32.NOTIFYICONDATAA","NONCLIENTMETRICS":"org.eclipse.swt.internal.win32.NONCLIENTMETRICS","NMHEADER":"org.eclipse.swt.internal.win32.NMHEADER","MouseMoveListener":"org.eclipse.swt.events.MouseMoveListener","NMTVCUSTOMDRAW":"org.eclipse.swt.internal.win32.NMTVCUSTOMDRAW","FillData":"org.eclipse.swt.layout.FillData","MEASUREITEMSTRUCT":"org.eclipse.swt.internal.win32.MEASUREITEMSTRUCT","IDispatch":"org.eclipse.swt.internal.ole.win32.IDispatch","UDACCEL":"org.eclipse.swt.internal.win32.UDACCEL","IOleControl":"org.eclipse.swt.internal.ole.win32.IOleControl","IOleWindow":"org.eclipse.swt.internal.ole.win32.IOleWindow","FUNCDESC":"org.eclipse.swt.internal.ole.win32.FUNCDESC","DropTarget":"org.eclipse.swt.dnd.DropTarget","SCRIPT_PROPERTIES":"org.eclipse.swt.internal.win32.SCRIPT_PROPERTIES","DisposeListener":"org.eclipse.swt.events.DisposeListener","MOUSEINPUT":"org.eclipse.swt.internal.win32.MOUSEINPUT","DNDEvent":"org.eclipse.swt.dnd.DNDEvent","CTabFolderLayout":"org.eclipse.swt.custom.CTabFolderLayout","STGMEDIUM":"org.eclipse.swt.internal.ole.win32.STGMEDIUM","TEXTMETRIC":"org.eclipse.swt.internal.win32.TEXTMETRIC","LEDataInputStream":"org.eclipse.swt.internal.image.LEDataInputStream","OleAutomation":"org.eclipse.swt.ole.win32.OleAutomation","KeyEvent":"org.eclipse.swt.events.KeyEvent","WinBMPFileFormat":"org.eclipse.swt.internal.image.WinBMPFileFormat","DragUnderEffect":"org.eclipse.swt.dnd.DragUnderEffect","SCRIPT_LOGATTR":"org.eclipse.swt.internal.win32.SCRIPT_LOGATTR","CHOOSECOLOR":"org.eclipse.swt.internal.win32.CHOOSECOLOR","DirectoryDialog":"org.eclipse.swt.widgets.DirectoryDialog","CTabFolder2Adapter":"org.eclipse.swt.custom.CTabFolder2Adapter","OleControlSite":"org.eclipse.swt.ole.win32.OleControlSite","SelectionAdapter":"org.eclipse.swt.events.SelectionAdapter","OSVERSIONINFOW":"org.eclipse.swt.internal.win32.OSVERSIONINFOW","IStorage":"org.eclipse.swt.internal.ole.win32.IStorage","ImageDataLoader":"org.eclipse.swt.graphics.ImageDataLoader","SashForm":"org.eclipse.swt.custom.SashForm","IViewObject2":"org.eclipse.swt.internal.ole.win32.IViewObject2","NOTIFYICONDATA":"org.eclipse.swt.internal.win32.NOTIFYICONDATA","SHMENUBARINFO":"org.eclipse.swt.internal.win32.SHMENUBARINFO"}