{"HelpListener":"helpRequested","ISpecifyPropertyPages":"GetPages","TypedEvent":"getName toString","AccessibleListener":"getName getHelp getKeyboardShortcut getDescription","IClassFactory2":"CreateInstanceLic GetLicInfo RequestLicKey","JPEGComment":"signature","AccessibleControlAdapter":"getChildAtPoint getLocation getChild getChildCount getDefaultAction getFocus getRole getSelection getState getValue getChildren","JPEGFileFormat":"compress convert4BitRGBToYCbCr convert8BitRGBToYCbCr convertCMYKToRGB convertImageToYCbCr convertMultiRGBToYCbCr convertYToRGB convertYCbCrToRGB convertYIQToRGB decodeACCoefficients decodeACFirstCoefficients decodeACRefineCoefficients refineAC decodeDCCoefficient dequantize decodeImageComponents decodeMCUAtXAndY decodeScan decodeUsingTable emit emitByte encodeACCoefficients encodeDCCoefficients encodeMCUAtXAndY encodeScan expandImageComponents extendBy extractData forwardDCT getAPP0 getCOM getDAC getDHT getDNL getDQT getDRI initialize initializeBitCountTable initializeRGBYCbCrTables initializeYCbCrRGBTables inverseDCT isFileFormat isZeroInColumn isZeroInRow loadFromByteStream createImageData nextBit processRestartInterval processTables quantizeData receive resetInputBuffer resetOutputBuffer seekUnspecifiedMarker setUpPalette skipSegmentFrom storeData unloadIntoByteStream","Widget":"addListener addDisposeListener callWindowProc checkBits checkOrientation checkOpened checkParent checkSubclass checkWidget destroyWidget DeferWindowPos dispose error filters findItem fixMnemonic getData getData getDisplay getMenu getName getNameText getStyle hooks isDisposed isListening isValidSubclass isValidThread mapEvent new_GC notifyListeners postEvent postEvent releaseChild releaseHandle releaseResources releaseWidget removeListener removeListener removeDisposeListener sendEvent sendEvent sendEvent sendEvent sendKeyEvent sendKeyEvent sendMouseEvent sendMouseEvent setData setData sendFocusEvent setInputState setKeyState SetWindowPos showMenu toString wmCaptureChanged wmChar wmContextMenu wmIMEChar wmKeyDown wmKeyUp wmKillFocus wmLButtonDblClk wmLButtonDown wmLButtonUp wmMButtonDblClk wmMButtonDown wmMButtonUp wmMouseHover wmMouseLeave wmMouseMove wmMouseWheel wmPaint wmRButtonDblClk wmRButtonDown wmRButtonUp wmSetFocus wmSysChar wmSysKeyDown wmSysKeyUp wmXButtonDblClk wmXButtonDown wmXButtonUp","OLE":"error error findProgramID getKeyValue getKeyExists isOleFile","CBannerLayout":"computeSize computeChildSize computeTrim flushCache layout","COMObject":"IIDFromString callback0 callback1 callback2 callback3 callback4 callback5 callback6 callback7 callback8 callback9 callback10 callback11 callback12 callback13 callback14 callback15 callback16 callback17 callback18 callback19 callback20 callback21 callback22 callback23 callback24 callback25 callback26 callback27 callback28 callback29 callback30 callback31 callback32 callback33 callback34 callback35 callback36 callback37 callback38 callback39 callback40 callback41 callback42 callback43 callback44 callback45 callback46 callback47 callback48 callback49 callback50 callback51 callback52 callback53 callback54 callback55 callback56 callback57 callback58 callback59 callback60 callback61 callback62 callback63 callback64 callback65 callback66 callback67 callback68 callback69 callback70 callback71 callback72 callback73 callback74 callback75 callback76 callback77 callback78 callback79 dispose getAddress method0 method1 method2 method3 method4 method5 method6 method7 method8 method9 method10 method11 method12 method13 method14 method15 method16 method17 method18 method19 method20 method21 method22 method23 method24 method25 method26 method27 method28 method29 method30 method31 method32 method33 method34 method35 method36 method37 method38 method39 method40 method41 method42 method43 method44 method45 method46 method47 method48 method49 method50 method51 method52 method53 method54 method55 method56 method57 method58 method59 method60 method61 method62 method63 method64 method65 method66 method67 method68 method69 method70 method71 method72 method73 method74 method75 method76 method77 method78 method79","RTFTransfer":"getInstance javaToNative nativeToJava getTypeIds getTypeNames checkRTF validate","CTabItem":"checkStyle shortenText dispose drawClose drawSelected drawUnselected getBounds getControl getDisabledImage getFont getParent getToolTipText isShowing onPaint preferredHeight preferredWidth setControl setDisabledImage setFont setImage setText setToolTipText","CoolBar":"callWindowProc checkStyle checkSubclass computeSize createHandle createItem createWidget destroyItem getMargin findThemeControl getItem getItemCount getItemOrder getItems getItemSizes getLastIndexOfRow isLastItemOfRow getLocked getWrapIndices indexOf resizeToPreferredWidth resizeToMaximumWidth releaseWidget removeControl setBackgroundPixel setForegroundPixel setItemColors setItemLayout setItemOrder setItemSizes setLocked setWrapIndices widgetStyle windowClass windowProc WM_COMMAND WM_ERASEBKGND WM_NOTIFY WM_SETREDRAW WM_SIZE wmNotifyChild","DropTargetListener":"dragEnter dragLeave dragOperationChanged dragOver drop dropAccept","Button":"_setImage addSelectionListener callWindowProc checkStyle click computeSize defaultBackground defaultForeground enableWidget getAlignment getDefault getImage getNameText getSelection getText isTabItem mnemonicHit mnemonicMatch releaseWidget removeSelectionListener selectRadio setAlignment setDefault setFixedFocus setImage setRadioFocus setRadioSelection setSavedFocus setSelection setText widgetStyle windowClass windowProc WM_GETDLGCODE WM_KILLFOCUS WM_LBUTTONDOWN WM_LBUTTONUP WM_SETFOCUS WM_SYSCOLORCHANGE wmColorChild wmCommandChild wmDrawChild","ControlListener":"controlMoved controlResized","OlePropertyChangeSink":"addListener AddRef connect createCOMInterfaces disconnect disposeCOMInterfaces notifyListener OnChanged OnRequestEdit QueryInterface Release removeListener","JPEGRestartInterval":"signature getRestartInterval fixedSize","IFont":"get_hFont","IOleCommandTarget":"Exec QueryStatus","Drawable":"internal_new_GC internal_dispose_GC","PngHuffmanTables":"getDynamicTables getFixedTables getFixedLiteralTable getFixedDistanceTable readLengths getNextLiteralValue getNextDistanceValue","DropTargetAdapter":"dragEnter dragLeave dragOperationChanged dragOver drop dropAccept","JPEGStartOfImage":"signature fixedSize","ViewForm":"handleEvent checkStyle computeTrim getClientArea getContent getTopCenter getTopLeft getTopRight onDispose onPaint onResize setContent setLayout setSelectionBackground setTopCenter setTopLeft setTopRight setBorderVisible setTopCenterSeparate","IOleDocument":"CreateView","ShellListener":"shellActivated shellClosed shellDeactivated shellDeiconified shellIconified","Transfer":"getSupportedTypes isSupportedType getTypeIds getTypeNames javaToNative nativeToJava registerType validate","JPEGAppn":"verify","Compatibility":"cos sin ceil floor round pow2 newFileInputStream newFileOutputStream isLetter isLetterOrDigit isSpaceChar isWhitespace exec exec getMessage getMessage interrupt equalsIgnoreCase","IConnectionPoint":"Advise Unadvise","Link":"addSelectionListener callWindowProc computeSize createHandle createWidget drawWidget enableWidget initAccessible getNameText getRectangles getText parse parseMnemonics releaseWidget removeSelectionListener setText widgetStyle windowClass windowProc WM_CHAR WM_GETDLGCODE WM_GETFONT WM_KEYDOWN WM_KILLFOCUS WM_LBUTTONDOWN WM_LBUTTONUP WM_MOUSEMOVE WM_PAINT WM_PRINTCLIENT WM_SETFOCUS WM_SETFONT WM_SIZE wmColorChild wmNotifyChild","Group":"callWindowProc checkStyle checkSubclass computeSize computeTrim createHandle getClientArea getNameText getText mnemonicHit mnemonicMatch setText widgetStyle windowClass windowProc WM_ERASEBKGND WM_NCHITTEST WM_MOUSEMOVE WM_PRINTCLIENT WM_SIZE wmColorChild","OleFrame":"handleEvent initCheckFocus initMsgHook getMsgProc AddRef ContextSensitiveHelp createCOMInterfaces disposeCOMInterfaces GetBorder getContainerMenus getFileMenus getIOleInPlaceFrame getMenuItemID GetWindow getWindowMenus InsertMenus onDispose onResize QueryInterface Release releaseObjectInterfaces RemoveMenus RequestBorderSpace SetActiveObject SetBorderSpace setContainerMenus getCurrentDocument setCurrentDocument setFileMenus SetMenu setWindowMenus translateOleAccelerator TranslateAccelerator","FontDialog":"getFontData getFontList getRGB open setFontData setFontList setRGB","CTabFolder2Listener":"close minimize maximize restore showList","AccessibleControlEvent":"toString","Spinner":"callWindowProc checkStyle checkHandle checkSubclass createHandle addModifyListener addSelectionListener addVerifyListener borderHandle computeSize computeTrim copy cut defaultBackground enableWidget deregister hasFocus getDigits getDecimalSeparator getIncrement getMaximum getMinimum getPageIncrement getSelection getSelectionText mbcsToWcsPos paste register releaseHandle removeModifyListener removeSelectionListener removeVerifyListener sendKeyEvent setBackgroundPixel setDigits setForegroundPixel setIncrement setMaximum setMinimum setPageIncrement setSelection setSelection subclass unsubclass verifyText widgetExtStyle windowProc WM_ERASEBKGND WM_KILLFOCUS WM_SETFOCUS WM_SETFONT WM_SIZE wmChar wmClipboard wmCommandChild wmKeyDown wmKillFocus wmLButtonDown wmNotifyChild wmScrollChild","StyleRange":"equals hashCode isUnstyled similarTo clone toString","WrappedContent":"addTextChangeListener ensureSize getCharCount getLine getLineAtOffset getLineCount getLineDelimiter getOffsetAtLine getTextRange getVisualLineCount removeTextChangeListener reset reset resetVisualLines replaceTextRange setText setVisualLine textChanged wrapLineRange wrapLineRange wrapLines wrapLines","AccessibleTextEvent":"toString","Font":"dispose equals getFontData hashCode init isDisposed toString win32_new","DisplayRenderer":"dispose disposeGC drawLineBreakSelection getBidiSegments getClientArea getContent getGC getHorizontalPixel getLeftMargin getLineBackgroundData getLineStyleData getOrientation getRightMargin getSelectionBackground getSelectionForeground getSelection getWordWrap isFullLineSelection createTextLayout disposeTextLayout updateTopIndex","MouseListener":"mouseDoubleClick mouseDown mouseUp","TransferData":"sameType","ProgressBar":"callWindowProc checkStyle computeSize createHandle defaultForeground getMaximum getMinimum getSelection releaseWidget startTimer stopTimer setBackgroundPixel setForegroundPixel setMaximum setMinimum setSelection widgetStyle windowClass windowProc WM_GETDLGCODE WM_SIZE WM_TIMER","VerifyEvent":"toString","BidiUtil":"addLanguageListener EnumSystemLanguageGroupsProc drawGlyphs getRenderInfo getOrderInfo getFontBidiAttributes getKeyboardLanguage getKeyboardLanguageList isBidiPlatform isKeyboardBidi removeLanguageListener setKeyboardLanguage setOrientation subclass reverse reverse translateOrder unsubclass windowProc","Path":"addArc addPath addRectangle addString close contains cubicTo dispose getBounds getCurrentPoint getPathData lineTo isDisposed moveTo quadTo toString","FormLayout":"computeHeight computeSize flushCache getName computeWidth layout layout toString","LEDataOutputStream":"close write write writeByte writeInt writeShort","JPEGArithmeticConditioningTable":"signature","MouseEvent":"toString","TreeEditor":"controlMoved controlResized run treeCollapsed treeExpanded computeBounds dispose getColumn getItem setColumn setItem setEditor setEditor resize","Composite":"_getChildren _getTabList changed checkBuffered checkSubclass computeTabList computeSize createHandle findMenus fixChildren fixTabList getChildren getChildrenCount getLayout getTabList hooksKeys getLayoutDeferred isLayoutDeferred layout layout layout layout markLayout minimumSize releaseChildren releaseWidget removeControl resizeChildren resizeChildren resizeEmbeddedHandle setFixedFocus setFocus setLayout setLayoutDeferred setTabList setResizeChildren setTabGroupFocus toolTipText translateMnemonic translateTraversal updateFont updateLayout widgetStyle WM_ERASEBKGND WM_GETDLGCODE WM_GETFONT WM_LBUTTONDOWN WM_NOTIFY WM_PARENTNOTIFY WM_PAINT WM_PRINTCLIENT WM_SETFONT WM_SIZE WM_SYSCOLORCHANGE WM_SYSCOMMAND","TraverseListener":"keyTraversed","CTabFolderEvent":"toString","DragSource":"handleEvent handleEvent checkStyle addDragListener AddRef createCOMInterfaces checkSubclass disposeCOMInterfaces drag EnumFormatEtc getControl GetData getTransfer GiveFeedback QueryContinueDrag onDispose opToOs osToOp QueryGetData QueryInterface Release removeDragListener SetData setTransfer","MessageBox":"checkStyle getMessage open setMessage","SWT":"findErrorText getMessage getPlatform getVersion error error error","PngChunkReader":"getIhdrChunk readNextChunk readPixelData hasMoreChunks","ProgressListener":"changed completed","Layout":"computeSize flushCache layout","ToolBar":"callWindowProc checkStyle checkSubclass computeSize computeTrim createHandle createItem createWidget defaultBackground destroyItem enableWidget getDisabledImageList getHotImageList getImageList getItem getItem getItemCount getItems getRowCount indexOf layoutItems mnemonicHit mnemonicMatch releaseWidget removeControl setBackgroundPixel setBounds setDefaultFont setDisabledImageList setFont setHotImageList setImageList setParent setRowCount setTabItemFocus toolTipText widgetStyle windowClass windowProc WM_CAPTURECHANGED WM_CHAR WM_COMMAND WM_GETDLGCODE WM_KEYDOWN WM_KILLFOCUS WM_LBUTTONDOWN WM_LBUTTONUP WM_NOTIFY WM_SETFOCUS WM_SIZE WM_WINDOWPOSCHANGING wmCommandChild wmNotifyChild","OleListener":"handleEvent","Event":"getBounds setBounds toString","JPEGSegment":"signature verify getSegmentMarker setSegmentMarker getSegmentLength setSegmentLength writeToStream","KeyListener":"keyPressed keyReleased","PngTrnsChunk":"validateLength validate getTransparencyType getSwtTransparentPixel getAlphaValues","OpenWindowListener":"open","Display":"run setDevice _getFocusControl addBar addControl addFilter addListener addMenuItem addPopup asciiKey asyncExec beep checkSubclass checkDevice checkDisplay clearModal controlKey close create createDisplay create32bitDIB createMaskFromAlpha deregister destroy destroyDisplay disposeExec drawMenuBars embeddedProc error filterEvent filters filterMessage findControl findWidget findWidget foregroundIdleProc findDisplay getActiveShell getBounds getCurrent getClientArea getControl getCursorControl getCursorLocation getCursorSizes getDefault isValidClass getData getData getDismissalAlignment getDoubleClickTime getFocusControl getHighContrast getIconDepth getIconSizes getImageList getImageListToolBar getImageListToolBarDisabled getImageListToolBarHot getLastEventTime getMenuItem getMessageCount getModalShell getModalDialogShell getMonitors getMsgProc getPrimaryMonitor getShells getSyncThread getSystemColor getSystemCursor getSystemFont getSystemImage getSystemTray getThread internal_new_GC init internal_dispose_GC isXMouseActive isValidThread map map map map mbcsToWcs mbcsToWcs messageProc monitorEnumProc msgFilterProc numpadKey post postEvent readAndDispatch register release releaseDisplay releaseImageList releaseToolImageList releaseToolHotImageList releaseToolDisabledImageList removeFilter removeListener removeBar removeControl removeMenuItem removePopup runAsyncMessages runDeferredEvents runPopups runTimer sendEvent setCursorLocation setCursorLocation setData setData setAppName setModalDialogShell setModalShell setSynchronizer shiftedKey sleep syncExec systemFont timerExec translateAccelerator translateKey translateMnemonic translateTraversal untranslateKey update updateFont wake wakeThread wcsToMbcs wcsToMbcs windowProc withCrLf","TextTransfer":"getInstance javaToNative nativeToJava getTypeIds getTypeNames checkText validate","Tracker":"addControlListener addKeyListener adjustMoveCursor adjustResizeCursor checkStyle close computeBounds computeProportions drawRectangles getRectangles getStippled moveRectangles open removeControlListener removeKeyListener resizeRectangles setCursor setRectangles setStippled transparentProc update wmKeyDown wmSysKeyDown wmMouse","ControlEditor":"handleEvent handleEvent computeBounds dispose getEditor layout resize scroll setEditor","CTabFolder":"handleEvent handleEvent checkStyle fillRegion addCTabFolder2Listener addCTabFolderListener addSelectionListener antialias computeTrim createItem destroyItem drawBackground drawBackground drawBody drawChevron drawMaximize drawMinimize drawTabArea getBorderVisible getClientArea getItem getItem getItemCount getItems _findMnemonic getMinimized getMinimizeVisible getMinimumCharacters getMaximized getMaximizeVisible getMRUVisible getRightItemEdge getSelection getSelectionBackground getSelectionForeground getSelectionIndex getSimple getSingle getStyle getTabHeight getTabPosition getTopRight getUnselectedCloseVisible getUnselectedImageVisible indexOf initAccessible onKeyDown onDispose onDragDetect onFocus onMnemonic onMouseDoubleClick onMouseHover onMouse onPageTraversal onPaint onResize onTraverse redrawTabs removeCTabFolder2Listener removeCTabFolderListener removeSelectionListener setBackground setBackground setBackground setBackground setBorderVisible setButtonBounds setFont setForeground setInsertMark setInsertMark setItemLocation setItemSize setMaximizeVisible setLayout setMaximized setMinimizeVisible setMinimized setMinimumCharacters setMRUVisible setSelection setSelection setSelection setSelectionBackground setSelectionBackground setSelectionBackground setSelectionBackground setSelectionForeground setSimple setSingle setTabHeight setTabPosition setTopRight setTopRight setUnselectedCloseVisible setUnselectedImageVisible showItem showList showSelection hideToolTip showToolTip updateItems updateItems updateTabHeight _getToolTip updateToolTip","ControlAdapter":"controlMoved controlResized","PngLzBlockReader":"setWindowSize readNextBlockHeader getNextByte assertBlockAtEnd assertCompressedDataAtEnd getNextCompressedByte","KeyAdapter":"keyPressed keyReleased","TableTree":"handleEvent handleEvent addItem addSelectionListener addTreeListener checkStyle computeSize computeTrim deselectAll expandItem getBackground getClientArea getForeground getFont getItemCount getItemHeight getItems getSelection getSelectionCount getStyle getTable createImages getPlusImage getMinusImage indexOf onDispose onResize onSelection getItem getItem getItem onFocusIn onKeyDown onMouseDown removeAll removeItem removeSelectionListener removeTreeListener selectAll setBackground setEnabled setFont setForeground setMenu setSelection setToolTipText showItem showSelection","IPersistStorage":"IsDirty InitNew Load Save SaveCompleted HandsOffStorage","Label":"_setImage callWindowProc checkStyle computeSize getAlignment getImage getNameText getText getWrap mnemonicHit mnemonicMatch releaseWidget setAlignment setImage setText setWrap widgetExtStyle widgetStyle windowClass windowProc WM_ERASEBKGND WM_GETFONT WM_SETFONT WM_SIZE wmColorChild WM_SYSCOLORCHANGE wmDrawChild","ShellEvent":"toString","Combo":"add add addModifyListener addSelectionListener addVerifyListener callWindowProc checkHandle checkSubclass checkStyle clearSelection computeSize copy createHandle cut defaultBackground deregister deselect deselectAll getItem getItemCount getItemHeight getItems getNameText getOrientation getSelection getSelectionIndex getText getTextHeight getTextLimit getVisibleItemCount hasFocus indexOf indexOf mbcsToWcsPos paste register remove remove remove removeAll removeModifyListener removeSelectionListener removeVerifyListener sendKeyEvent select setBackgroundPixel setBounds setForegroundPixel setItem setItems setOrientation setSelection setText setTextLimit setVisibleItemCount subclass translateTraversal traverseEscape unsubclass verifyText wcsToMbcsPos widgetExtStyle widgetStyle windowClass windowProc windowProc WM_CTLCOLOR WM_GETDLGCODE WM_KILLFOCUS WM_LBUTTONDOWN WM_SETFOCUS WM_SIZE wmChar wmClipboard wmCommandChild wmIMEChar","TreeAdapter":"treeCollapsed treeExpanded","JPEGScanHeader":"getApproxBitPositionHigh getApproxBitPositionLow getEndOfSpectralSelection getNumberOfImageComponents getStartOfSpectralSelection initializeComponentParameters initializeContents setEndOfSpectralSelection setNumberOfImageComponents setStartOfSpectralSelection signature verifyProgressiveScan isACProgressiveScan isDCProgressiveScan isFirstScan","VisibilityWindowAdapter":"hide show","TextStyle":"equals hashCode toString","TIFFFileFormat":"isFileFormat loadFromByteStream unloadIntoByteStream","ImageData":"setAllFields internal_new colorMaskImage checkData clone getAlpha getAlphas getPixel getPixels getPixels getRGBs getTransparencyMask getTransparencyType getByteOrder scaledTo setAlpha setAlphas setPixel setPixels setPixels bwPalette getMSBOffset closestMatch convertMask convertPad blit blit blit blit getChannelShift getChannelWidth getChannelField createGradientBand buildPreciseGradientChannel buildDitheredGradientChannel fillGradientRectangle","Dialog":"checkSubclass checkParent error getParent getStyle getText setText","SelectionEvent":"toString","VisibilityWindowListener":"hide show","List":"add add addSelectionListener callWindowProc checkStyle computeSize defaultBackground deselect deselect deselect deselectAll getFocusIndex getItem getItemCount getItemHeight getItems getSelection getSelectionCount getSelectionIndex getSelectionIndices getTopIndex indexOf indexOf isSelected remove remove remove remove removeAll removeSelectionListener select select select select select select selectAll setBounds setFocusIndex setFont setItem setItems setScrollWidth setScrollWidth setScrollWidth setSelection setSelection setSelection setSelection setTopIndex showSelection widgetStyle windowClass windowProc wmCommandChild","FormAttachment":"divide gcd minus minus plus plus solveX solveY toString","TreeListener":"treeCollapsed treeExpanded","TIFFModifiedHuffmanCodec":"decode decodeRow decodeRunLength getNextBit getNextBits setNextBits","FormData":"computeSize flushCache getWidth getHeight getBottomAttachment getLeftAttachment getName getRightAttachment getTopAttachment toString","VerifyListener":"verifyText","Program":"findProgram getExtensions getKeyValue getProgram getPrograms launch execute getImageData getName equals hashCode toString","PaintListener":"paintControl","WinICOFileFormat":"convertPad iconSize isFileFormat isValidIcon loadFileHeader loadFileHeader loadFromByteStream loadIcon loadIconHeaders loadInfoHeader unloadIcon unloadIconHeader unloadIntoByteStream unloadMaskData unloadShapeData","Color":"dispose equals getBlue getGreen getRed getRGB hashCode init isDisposed toString win32_new","Canvas":"clearArea getCaret releaseWidget scroll setCaret setFont WM_INPUTLANGCHANGE WM_KILLFOCUS WM_SETFOCUS WM_SIZE WM_WINDOWPOSCHANGED WM_WINDOWPOSCHANGING","DNDListener":"handleEvent","TreeDragUnderEffect":"checkEffect show","RGB":"equals hashCode toString","TIFFDirectory":"decodePackBits getEntryValue getEntryValue decodePixels getColorMap getGrayPalette getRGBPalette formatStrips formatColorMap parseEntries read toInt write writeEntry writeHeader writeToStream","TabItem":"checkSubclass getControl getParent getToolTipText releaseChild releaseWidget setControl setImage setText setToolTipText","PngPlteChunk":"getPaletteSize getPaletteData validate contributeToString","IPersist":"GetClassID","IUnknown":"AddRef getAddress QueryInterface Release","PrintRenderer":"dispose disposeGC drawLineBreakSelection getBidiSegments getClientArea getContent getGC getHorizontalPixel getLogicalLineOffset getOrientation getSelectionBackground getSelectionForeground getLineBackgroundData getLineStyleData getSelection getWordWrap isFullLineSelection","WebSite":"createCOMInterfaces disposeCOMInterfaces AddRef QueryInterface EnableModeless FilterDataObject GetDropTarget GetExternal GetHostInfo GetOptionKeyPath HideUI OnDocWindowActivate OnFrameWindowActivate Release ResizeBorder ShowContextMenu ShowUI TranslateAccelerator TranslateUrl UpdateUI ShowMessage ShowHelp QueryService SetSecuritySite GetSecuritySite MapUrlToZone GetSecurityId ProcessUrlAction QueryCustomPolicy SetZoneMapping GetZoneMappings QueryStatus Exec","Region":"add add add add contains contains dispose equals getBounds hashCode intersect intersect intersect intersects intersects isDisposed isEmpty subtract subtract subtract subtract translate translate toString win32_new","ProgressAdapter":"changed completed","Caret":"createWidget defaultFont getBounds getFont getImage getLocation getParent getSize getVisible hasFocus isFocusCaret isVisible killFocus move resizeIME releaseChild releaseWidget resize restoreIMEFont setBounds setBounds setFocus setFont setImage setIMEFont setLocation setLocation setSize setSize setVisible","SelectionListener":"widgetSelected widgetDefaultSelected","DefaultLineStyler":"insertStyle insertStyles insertMergeStyle mergeStyleBefore mergeStyleAfter clearStyle expandLinesBy deleteStyle deleteStyles getStyleRanges lineGetBackground lineGetStyle searchForStyle setLineBackground setStyleRange replaceStyleRanges setStyleRanges textChanging linesChanging textChanging getOverlappingStyles getLineBackground getStyleRangeAtOffset getStyleRangesFor release","CLabel":"paintControl widgetDisposed keyTraversed checkStyle computeSize drawBevelRect _findMnemonic getAlignment getImage getTotalSize getStyle getText getToolTipText initAccessible onDispose onMnemonic onPaint paintBorder setAlignment setBackground setBackground setBackground setBackground setFont setImage setText setToolTipText shortenText splitString","Listener":"handleEvent","JPEGQuantizationTable":"defaultChrominanceTable defaultLuminanceTable getQuantizationTablesKeys getQuantizationTablesValues scaleBy signature","ModifyListener":"modifyText","Slider":"addSelectionListener callWindowProc checkStyle computeSize createWidget defaultBackground defaultForeground enableWidget getEnabled getIncrement getMaximum getMinimum getPageIncrement getSelection getThumb removeSelectionListener setBounds setIncrement setMaximum setMinimum setPageIncrement SetScrollInfo setSelection setThumb setValues widgetExtStyle widgetStyle windowClass windowProc WM_KEYDOWN WM_LBUTTONDBLCLK WM_LBUTTONDOWN wmScrollChild","Gdip":"GdiplusStartup GdiplusShutdown Bitmap_new Bitmap_new Bitmap_new Bitmap_delete Brush_Clone Brush_GetType Color_new Color_delete Font_new Font_new Font_delete Font_GetFamily Font_GetSize Font_GetStyle Font_IsAvailable FontFamily_new FontFamily_delete FontFamily_GetFamilyName Graphics_new Graphics_delete Graphics_DrawArc Graphics_DrawEllipse Graphics_DrawImage Graphics_DrawImage Graphics_DrawLine Graphics_DrawLines Graphics_DrawPath Graphics_DrawPolygon Graphics_DrawRectangle Graphics_DrawString Graphics_DrawString Graphics_FillEllipse Graphics_FillPath Graphics_Flush Graphics_FillPie Graphics_FillPolygon Graphics_FillRectangle Graphics_GetClipBounds Graphics_GetClipBounds Graphics_GetClip Graphics_GetHDC Graphics_ReleaseHDC Graphics_GetInterpolationMode Graphics_GetSmoothingMode Graphics_GetTextRenderingHint Graphics_GetTransform Graphics_MeasureString Graphics_MeasureString Graphics_ResetClip Graphics_SetClip Graphics_SetClip Graphics_SetClip Graphics_SetCompositingQuality Graphics_SetPixelOffsetMode Graphics_SetSmoothingMode Graphics_SetTransform Graphics_SetInterpolationMode Graphics_SetTextRenderingHint GraphicsPath_new GraphicsPath_delete GraphicsPath_AddArc GraphicsPath_AddBezier GraphicsPath_AddLine GraphicsPath_AddPath GraphicsPath_AddRectangle GraphicsPath_AddString GraphicsPath_CloseFigure GraphicsPath_GetBounds GraphicsPath_GetLastPoint GraphicsPath_GetPathPoints GraphicsPath_GetPathTypes GraphicsPath_GetPointCount GraphicsPath_IsOutlineVisible GraphicsPath_IsVisible GraphicsPath_SetFillMode HatchBrush_new Image_GetWidth Image_GetHeight HatchBrush_delete LinearGradientBrush_new LinearGradientBrush_delete LinearGradientBrush_SetWrapMode Matrix_new Matrix_delete Matrix_GetElements Matrix_Invert Matrix_IsIdentity Matrix_Multiply Matrix_Rotate Matrix_Scale Matrix_Shear Matrix_TransformPoints Matrix_TransformPoints Matrix_Translate Matrix_SetElements PathGradientBrush_new PathGradientBrush_delete PathGradientBrush_SetCenterColor PathGradientBrush_SetCenterPoint PathGradientBrush_SetSurroundColors PathGradientBrush_SetGraphicsPath Pen_new Pen_delete Pen_GetBrush Pen_SetBrush Pen_SetDashPattern Pen_SetDashStyle Pen_SetLineCap Pen_SetLineJoin Point_new Point_delete Region_new Region_new Region_delete Region_GetHRGN SolidBrush_new SolidBrush_delete StringFormat_delete StringFormat_Clone StringFormat_GenericDefault StringFormat_GenericTypographic StringFormat_GetFormatFlags StringFormat_SetHotkeyPrefix StringFormat_SetFormatFlags StringFormat_SetTabStops TextureBrush_new TextureBrush_delete TextureBrush_SetTransform","MenuListener":"menuHidden menuShown","IStream":"Clone Commit Read Revert Write","IEnum":"Clone Next Reset Skip","Decorations":"addMenu bringToTop checkStyle checkBorder checkOpened checkSubclass callWindowProc closeWidget compare computeTabGroup computeTabRoot computeTrim createAccelerators createIcon createHandle createWidget destroyAccelerators dispose findMenu fixDecorations getBounds getClientArea getDefaultButton getImage getImages getLocation getMaximized getMenuBar getMinimized getNameText getSize getText isReparentable isTabGroup isTabItem menuShell releaseWidget removeMenu restoreFocus saveFocus setBounds setDefaultButton setDefaultButton setImage setImages setImages setMaximized setMenuBar setMinimized setParent setPlacement setSavedFocus setSystemMenu setText setVisible sort translateAccelerator translateMenuAccelerator translateMDIAccelerator traverseDecorations traverseItem traverseReturn widgetCreateStruct widgetExtStyle widgetParent widgetStyle windowProc WM_ACTIVATE WM_CLOSE WM_HOTKEY WM_KILLFOCUS WM_MOVE WM_NCACTIVATE WM_QUERYOPEN WM_SETFOCUS WM_SIZE WM_SYSCOMMAND WM_WINDOWPOSCHANGING","TypedListener":"getEventListener handleEvent","ImageLoaderEvent":"toString","Control":"addControlListener addFocusListener addHelpListener addKeyListener addMouseListener addMouseTrackListener addMouseMoveListener addPaintListener addTraverseListener borderHandle checkBorder checkBuffered checkHandle checkMirrored computeSize computeSize computeTabGroup computeTabRoot computeTabList createHandle createWidget defaultBackground defaultFont defaultForeground deregister destroyWidget drawBackground drawBackground drawBackground drawThemeBackground enableWidget findBrush findCursor findThemeControl findMenus findMnemonic fixChildren fixFocus forceFocus forceResize getAccessible getBackground getBackgroundPixel getBorderWidth getBounds getCodePage getClipboardText getEnabled getFont getForeground getForegroundPixel getLayoutData getLocation getMenu getMonitor getParent getPath getShell getSize getToolTipText getVisible hasCursor hasFocus internal_new_GC internal_dispose_GC isActive isEnabled isFocusControl isFocusAncestor isReparentable isShowing isTabGroup isTabItem isVisible mapEvent markLayout menuShell mnemonicHit mnemonicMatch moveAbove moveBelow new_Accessible new_GC pack pack redraw redraw register releaseChild releaseHandle releaseWidget removeControlListener removeFocusListener removeHelpListener removeKeyListener removeMouseTrackListener removeMouseListener removeMouseMoveListener removePaintListener removeTraverseListener showWidget sendFocusEvent setBackground setBackgroundPixel setBounds setBounds setBounds setBounds setCapture setCursor setCursor setDefaultFont setEnabled setFixedFocus setFocus setFont setForeground setForegroundPixel setLayoutData setLocation setLocation setMenu setRadioFocus setRadioSelection setRedraw setSavedFocus setSize setSize setTabGroupFocus setTabItemFocus setToolTipText setVisible sort subclass toControl toControl toDisplay toDisplay topHandle translateAccelerator translateMnemonic translateMnemonic translateTraversal traverse traverse traverseEscape traverseGroup traverseItem traverseMnemonic traversePage traverseReturn unsubclass update update updateFont updateLayout widgetCreateStruct widgetExtStyle widgetParent widgetStyle setParent windowClass windowProc windowProc WM_ACTIVATE WM_CAPTURECHANGED WM_CHAR WM_CLEAR WM_CLOSE WM_COMMAND WM_CONTEXTMENU WM_CTLCOLOR WM_CUT WM_DESTROY WM_DRAWITEM WM_ENDSESSION WM_ENTERIDLE WM_ERASEBKGND WM_GETDLGCODE WM_GETFONT WM_GETOBJECT WM_GETMINMAXINFO WM_HOTKEY WM_HELP WM_HSCROLL WM_IME_CHAR WM_IME_COMPOSITION WM_INITMENUPOPUP WM_INPUTLANGCHANGE WM_KEYDOWN WM_KEYUP WM_KILLFOCUS WM_LBUTTONDBLCLK WM_LBUTTONDOWN WM_LBUTTONUP WM_MBUTTONDBLCLK WM_MBUTTONDOWN WM_MBUTTONUP WM_MEASUREITEM WM_MENUCHAR WM_MENUSELECT WM_MOUSEACTIVATE WM_MOUSEHOVER WM_MOUSELEAVE WM_MOUSEMOVE WM_MOUSEWHEEL WM_MOVE WM_NCACTIVATE WM_NCCALCSIZE WM_NCHITTEST WM_NCLBUTTONDOWN WM_NOTIFY WM_PAINT WM_PALETTECHANGED WM_PARENTNOTIFY WM_PASTE WM_PRINTCLIENT WM_QUERYENDSESSION WM_QUERYNEWPALETTE WM_QUERYOPEN WM_RBUTTONDBLCLK WM_RBUTTONDOWN WM_RBUTTONUP WM_SETCURSOR WM_SETFOCUS WM_SETTINGCHANGE WM_SETFONT WM_SETREDRAW WM_SHOWWINDOW WM_SIZE WM_SYSCHAR WM_SYSCOLORCHANGE WM_SYSCOMMAND WM_SYSKEYDOWN WM_SYSKEYUP WM_TIMER WM_UNDO WM_VSCROLL WM_WINDOWPOSCHANGED WM_WINDOWPOSCHANGING WM_XBUTTONDBLCLK WM_XBUTTONDOWN WM_XBUTTONUP wmColorChild wmCommandChild wmDrawChild wmMeasureChild wmNotifyChild wmScrollChild","Shell":"win32_new checkStyle addShellListener callWindowProc close createHandle dispose enableWidget findBrush findCursor findThemeControl fixShell forceActive forceResize getBounds getEnabled getImeInputMode getLocation getMinimumSize getRegion getShell getSize getShells isLayoutDeferred isEnabled isVisible hwndMDIClient open releaseChild releaseHandle releaseShells releaseWidget removeMenu removeShellListener selectPalette setActive setActiveControl setBounds setEnabled setImeInputMode setMinimumSize setMinimumSize setItemEnabled setParent setRegion setToolTipText setToolTipText setToolTipText setVisible translateAccelerator traverseEscape updateModal widgetCreateStruct widgetParent widgetExtStyle windowClass windowProc widgetStyle WM_ACTIVATE WM_COMMAND WM_DESTROY WM_ENTERIDLE WM_GETMINMAXINFO WM_MOUSEACTIVATE WM_NCHITTEST WM_NCLBUTTONDOWN WM_PALETTECHANGED WM_QUERYNEWPALETTE WM_SETCURSOR WM_SETTINGCHANGE WM_SHOWWINDOW WM_SYSCOMMAND WM_WINDOWPOSCHANGING","CloseWindowListener":"close","TableTreeItem":"addCheck addItem getBackground getBounds getChecked getGrayed getExpanded getFont getForeground getImage getImage getIndent getItem getItemCount getItems getItem getParent getParentItem getText getText getVisible indexOf expandAll expandedIndexOf visibleChildrenCount dispose removeItem setBackground setChecked setGrayed setExpanded setFont setForeground setImage setImage setText setText setVisible","PrinterData":"toString","LocationListener":"changing changed","GC":"checkStyle copyArea copyArea copyArea createGdipBrush createGdipFont createGdipFont createGdipPen destroyGdipBrush dispose drawArc drawFocus drawImage drawImage drawImage drawIcon drawBitmap drawBitmapAlpha drawBitmapTransparentByClipping drawBitmapMask drawBitmapTransparent drawBitmap drawLine drawOval drawPath drawPoint drawPolygon drawPolyline drawRectangle drawRectangle drawRoundRectangle drawRoundRectangleGdip drawString drawString drawText drawText drawText equals fillArc fillGradientRectangle fillOval fillPath fillPolygon fillRectangle fillRectangle fillRoundRectangle fillRoundRectangleGdip flush getAdvanceWidth getAdvanced getAlpha getAntialias getBackground getBackgroundPattern getCharWidth getClipping getClipping getCodePage getFillRule getFont getFontMetrics getForeground getForegroundPattern getInterpolation getLineCap getLineDash getLineJoin getLineStyle getLineWidth getStyle getTextAntialias getTransform getXORMode initGdip init hashCode isClipped isDisposed measureSpace setAdvanced setAntialias setAlpha setBackground setBackgroundPattern setClipping setClipping setClipping setClipping setClipping setFillRule setFont setForeground setForegroundPattern setInterpolation setLineCap setLineDash setLineJoin setLineStyle setLineWidth setPen setXORMode setTextAntialias setTransform stringExtent textExtent textExtent toString win32_new win32_new","PngIhdrChunk":"getWidth setWidth getHeight setHeight getBitDepth setBitDepth getColorType setColorType getCompressionMethod setCompressionMethod getFilterMethod setFilterMethod getInterlaceMethod setInterlaceMethod validate getColorTypeString getFilterMethodString getInterlaceMethodString contributeToString getMustHavePalette getCanHavePalette getBitsPerPixel getSwtBitsPerPixel getFilterByteOffset usesDirectColor createGrayscalePalette getPaletteData","AccessibleEvent":"toString","RunnableLock":"done run","IAccessible":"get_accParent get_accChildCount get_accChild get_accName get_accValue get_accDescription get_accRole get_accState get_accHelp get_accHelpTopic get_accKeyboardShortcut get_accFocus get_accSelection get_accDefaultAction accSelect accLocation accNavigate accHitTest accDoDefaultAction put_accName put_accValue","SWTError":"getCause getMessage printStackTrace","DragSourceAdapter":"dragStart dragFinished dragSetData","PngDecodingDataStream":"assertImageDataAtEnd getNextIdatBits getNextIdatBit getNextChunk getNextIdatByte updateAdler getNextDecodedByte error readCompressedDataHeader checkAdler","IDataObject":"EnumFormatEtc GetData GetDataHere QueryGetData SetData","TabFolder":"addSelectionListener callWindowProc checkStyle checkSubclass computeSize computeTrim createItem createHandle createWidget destroyItem drawThemeBackground findThemeControl getClientArea getItem getItemCount getItems getSelection getSelectionIndex imageIndex indexOf minimumSize mnemonicHit mnemonicMatch releaseWidget removeControl removeSelectionListener setSelection setSelection setSelection toolTipText traversePage widgetStyle windowClass windowProc WM_GETDLGCODE WM_NCHITTEST WM_NOTIFY WM_PARENTNOTIFY WM_SIZE WM_WINDOWPOSCHANGING wmNotifyChild","MenuItem":"addArmListener addHelpListener addSelectionListener checkSubclass checkStyle fillAccel fixMenus getAccelerator getBounds getEnabled getMenu getNameText getParent getSelection isEnabled releaseChild releaseMenu releaseWidget removeArmListener removeHelpListener removeSelectionListener selectRadio setAccelerator setEnabled setImage setMenu setRadioSelection setSelection setText widgetStyle wmCommandChild wmDrawChild wmMeasureChild","SashFormData":"getName toString","TableEditor":"controlMoved controlResized computeBounds dispose getColumn getItem setColumn setItem setEditor resize","TextLayout":"free breakRun checkItem checkLayout computeRuns dispose draw draw freeRuns getAlignment getAscent getBounds getBounds getDescent getFont getItemFont getLevel getLineBounds getLineCount getLineIndex getLineMetrics getLineOffsets getLocation getNextOffset _getOffset getOffset getOffset getOrientation getPreviousOffset getSegments getSegmentsText getSpacing getStyle getTabs getText getWidth isDisposed itemize merge reorder setAlignment setAscent setDescent setFont setOrientation setSegments setSpacing setStyle setTabs setText setWidth shape shape validadeOffset toString translateOffset untranslateOffset","AnimatedProgress":"controlResized paintControl widgetDisposed checkStyle clear computeSize drawBevelRect paint paintStripes start stop","GridData":"computeSize flushCache getName toString","LineBackgroundListener":"lineGetBackground","DND":"error error","PngHuffmanTable":"initialize generateTable getNextValue","LineStyleListener":"lineGetStyle","StyledTextContent":"addTextChangeListener getCharCount getLine getLineAtOffset getLineCount getLineDelimiter getOffsetAtLine getTextRange removeTextChangeListener replaceTextRange setText","IOleInPlaceObject":"InPlaceDeactivate UIDeactivate SetObjectRects ReactivateAndUndo","VerifyKeyListener":"verifyKey","TableItem":"checkNull checkSubclass clear getBackground getBackground getBounds getBounds getBounds getChecked getFont getFont getForeground getForeground getGrayed getImage getImage getImageBounds getImageIndent getNameText getParent getText getText redraw redraw releaseChild releaseWidget setBackground setBackground setChecked setChecked setFont setFont setForeground setForeground setGrayed setImage setImage setImage setImageIndent setText setText setText","Rectangle":"add contains contains equals hashCode intersect intersection intersects intersects isEmpty toString union","StatusTextListener":"changed","OleEventTable":"hook hooks sendEvent unhook hasEntries","PngChunk":"getReference setReference getInt32 setInt32 getLength setLength getTypeBytes setType getData setData getCRC setCRC getSize checkCRC computeCRC typeMatchesArray isCritical getChunkType readNextFromStream validate contributeToString toString","Image":"createDIBFromDDB createGdipImage dispose equals getBackground getBounds getImageData hashCode init createDIB GetIconInfo init init init internal_new_GC internal_dispose_GC isDisposed setBackground toString win32_new","Scrollable":"callWindowProc computeTrim createScrollBar createWidget getClientArea getHorizontalBar getVerticalBar releaseWidget scrolledHandle widgetExtStyle widgetStyle windowClass windowProc WM_HSCROLL WM_MOUSEWHEEL WM_SIZE WM_VSCROLL wmScroll","FileFormat":"bitInvertData isFileFormat loadFromByteStream loadFromStream load save unloadIntoByteStream unloadIntoStream","IPersistStreamInit":"Load InitNew","AccessibleTextAdapter":"getCaretOffset getSelectionRange","GIFFileFormat":"grayRamp isFileFormat loadFromByteStream readID getExtensions readExtension readCommentExtension readPlainTextExtension readGraphicsControlExtension readApplicationExtension readImageBlock readPalette unloadIntoByteStream writeGraphicsControlBlock writeImageBlock writePalette","ArmListener":"widgetArmed","Item":"checkSubclass getImage getNameText getText releaseWidget setImage setText","StyledTextListener":"handleEvent","TCHAR":"getChars length strlen tcharAt toString toString","AccessibleTextListener":"getCaretOffset getSelectionRange","ScrolledComposite":"handleEvent handleEvent handleEvent checkStyle getAlwaysShowScrollBars getContent hScroll needHScroll needVScroll getOrigin setOrigin setOrigin setAlwaysShowScrollBars setContent setExpandHorizontal setExpandVertical setLayout setMinHeight setMinSize setMinSize setMinWidth vScroll","JPEGFrameHeader":"getSamplePrecision getNumberOfLines getSamplesPerLine getNumberOfImageComponents setSamplePrecision setNumberOfLines setSamplesPerLine setNumberOfImageComponents getMaxHFactor getMaxVFactor setMaxHFactor setMaxVFactor initializeComponentParameters initializeContents roundUpToMultiple verify isProgressive isArithmeticCoding","TextChangeListener":"textChanging textChanged textSet","Accessible":"method0 method1 method2 method7 method8 method9 method10 method11 method12 method13 method14 method15 method16 method17 method18 method19 method20 method21 method22 method23 method24 method25 method26 method27 method0 method1 method2 method3 method4 method5 internal_new_Accessible addAccessibleListener addAccessibleControlListener addAccessibleTextListener getControl internal_dispose_Accessible internal_WM_GETOBJECT removeAccessibleListener removeAccessibleControlListener removeAccessibleTextListener selectionChanged setFocus textCaretMoved textChanged textSelectionChanged QueryInterface AddRef Release accDoDefaultAction accHitTest accLocation accNavigate accSelect get_accChild get_accChildCount get_accDefaultAction get_accDescription get_accFocus get_accHelp get_accHelpTopic get_accKeyboardShortcut get_accName get_accParent get_accRole get_accSelection get_accState get_accValue put_accName put_accValue Next Skip Reset childIDToOs osToChildID stateToOs osToState roleToOs osToRole checkWidget isValidThread","SashFormLayout":"computeSize flushCache layout","TableDragUnderEffect":"checkEffect show","Synchronizer":"addLast asyncExec getMessageCount releaseSynchronizer removeFirst runAsyncMessages runAsyncMessages syncExec","CBanner":"handleEvent bezier checkStyle getBottom getClientArea getLeft getRight getRightMinimumSize getRightWidth getSimple onDispose onMouseDown onMouseExit onMouseMove onMouseUp onPaint onResize setBottom setLayout setLeft setRight setRightMinimumSize setRightWidth setSimple updateCurve","FontData":"equals EnumLocalesProc getHeight getLocale getName getStyle hashCode setHeight setLocale setName setStyle toString win32_new","FileTransfer":"getInstance javaToNative nativeToJava getTypeIds getTypeNames checkFile validate","JPEGEndOfImage":"signature fixedSize","ImageLoaderListener":"imageDataLoaded","HTMLTransfer":"getInstance javaToNative nativeToJava getTypeIds getTypeNames checkHTML validate","FillLayout":"computeSize computeChildSize flushCache getName layout toString","OS2BMPFileFormat":"isFileFormat loadData loadData loadFileHeader loadFromByteStream loadPalette paletteFromBytes paletteToBytes unloadData unloadIntoByteStream flipScanLines","TableColumn":"addControlListener addSelectionListener checkStyle checkSubclass getAlignment getNameText getParent getMoveable getResizable getWidth pack releaseChild releaseWidget removeControlListener removeSelectionListener setAlignment setImage setMoveable setResizable setText setWidth","LZWCodec":"decode decode encode encode encodeLoop initializeForDecoding initializeForEncoding nextCode nextPixel nextPixels nextPutCode nextPutPixels copyRow readBlock writeBlock","Variant":"dispose getAutomation getDispatch getBoolean getByRef getData getFloat getInt getShort getString getType getUnknown setByRef setByRef setByRef setByRef setData toString","TrayItem":"addSelectionListener checkSubclass createIcon createWidget getToolTipText getVisible messageProc recreate releaseChild releaseWidget removeSelectionListener setImage setToolTipText setVisible","CCombo":"handleEvent handleEvent checkStyle add add addModifyListener addSelectionListener arrowEvent clearSelection comboEvent computeSize createPopup deselect deselectAll dropDown getAssociatedLabel getChildren getEditable getItem getItemCount getItemHeight getItems getMnemonic getSelection getSelectionIndex getStyle getText getTextHeight getTextLimit getVisibleItemCount handleFocus indexOf indexOf initAccessible isDropped isFocusControl internalLayout listEvent popupEvent redraw redraw remove remove remove removeAll removeModifyListener removeSelectionListener select setBackground setEditable setEnabled setFocus setFont setForeground setItem setItems setLayout setSelection setText setTextLimit setToolTipText setVisible setVisibleItemCount stripMnemonic textEvent","FocusListener":"focusGained focusLost","Browser":"handleEvent handleEvent addCloseWindowListener addLocationListener addOpenWindowListener addProgressListener addStatusTextListener addTitleListener addVisibilityWindowListener back checkSubclass execute forward isBackEnabled isForwardEnabled getUrl refresh removeCloseWindowListener removeLocationListener removeOpenWindowListener removeProgressListener removeStatusTextListener removeTitleListener removeVisibilityWindowListener setText setUrl stop","ViewFormLayout":"computeSize computeChildSize computeTrim flushCache layout","FocusAdapter":"focusGained focusLost","CTabFolderListener":"itemClosed","IProvideClassInfo":"GetClassInfo","PNGFileFormat":"readSignature loadFromByteStream readNextChunk unloadIntoByteStream isFileFormat validateBitDepth setPixelData setImageDataValues readPixelData getAlignedBytesPerRow getBytesPerRow getBytesPerPixel getBytesPerRow readInterlaceFrame readInterlacedImage fireInterlacedFrameEvent readNonInterlacedImage compress16BitDepthTo8BitDepth compress16BitDepthTo8BitDepth filterRow","TableCursor":"handleEvent handleEvent handleEvent handleEvent handleEvent addSelectionListener dispose keyDown paint tableFocusIn tableMouseDown traverse setRowColumn setRowColumn setVisible removeSelectionListener resize getColumn getRow setBackground setForeground setSelection setSelection","ExtendedModifyListener":"modifyText","AccessibleAdapter":"getName getHelp getKeyboardShortcut getDescription","AccessibleControlListener":"getChildAtPoint getLocation getChild getChildCount getDefaultAction getFocus getRole getSelection getState getValue getChildren","DragSourceListener":"dragStart dragSetData dragFinished","IProvideClassInfo2":"GetGUID","DragSourceEvent":"updateEvent","PaletteData":"getPixel getRGB getRGBs shiftForMask","RowData":"getName toString","GridLayout":"computeSize flushCache getData layout layout getName toString","ScrolledCompositeLayout":"computeSize flushCache layout","FontMetrics":"equals getAscent getAverageCharWidth getDescent getHeight getLeading hashCode win32_new","TreeColumn":"addControlListener addSelectionListener checkStyle checkSubclass getAlignment getNameText getParent getResizable getWidth pack releaseChild releaseWidget removeControlListener removeSelectionListener setAlignment setImage setResizable setText setWidth","RowLayout":"computeSize computeSize flushCache getName layout layoutHorizontal layoutVertical toString","StackLayout":"computeSize flushCache layout getName toString","Menu":"_setVisible addHelpListener addMenuListener checkNull checkNull checkNull checkStyle createHandle createItem createWidget defaultBackground defaultForeground destroyAccelerators destroyItem destroyWidget fixMenus getBounds getDefaultItem getEnabled getItem getItemCount getItems GetMenuItemCount getNameText getParent getParentItem getParentMenu getShell getVisible imageIndex indexOf isEnabled isVisible redraw releaseChild releaseHandle releaseWidget removeHelpListener removeMenuListener setDefaultItem setEnabled setLocation setLocation setVisible update","CoolItem":"addSelectionListener checkSubclass computeSize getBounds getClientArea getControl getParent releaseChild releaseWidget setControl getPreferredSize setPreferredSize setPreferredSize getSize setSize setSize getMinimumSize setMinimumSize setMinimumSize getWrap setWrap removeSelectionListener","ByteArrayTransfer":"getSupportedTypes isSupportedType javaToNative nativeToJava checkByteArray","COM":"IIDFromString CLSIDFromProgID CLSIDFromString CoCreateInstance CoFreeUnusedLibraries CoGetClassObject CoLockObjectExternal CoTaskMemAlloc CoTaskMemFree DoDragDrop GetClassFile IIDFromString IsEqualGUID MoveMemory MoveMemory MoveMemory MoveMemory MoveMemory MoveMemory MoveMemory MoveMemory MoveMemory MoveMemory MoveMemory MoveMemory MoveMemory MoveMemory OleCreate OleCreateFromFile OleCreatePropertyFrame OleDraw OleFlushClipboard OleGetClipboard OleIsCurrentClipboard OleIsRunning OleLoad OleRun OleSave OleSetClipboard OleSetContainedObject OleSetMenuDescriptor OleTranslateColor ProgIDFromCLSID RegisterDragDrop ReleaseStgMedium RevokeDragDrop StgCreateDocfile StgIsStorageFile StgOpenStorage StringFromCLSID SysAllocString SysFreeString SysStringByteLen VariantChangeType VariantClear VariantInit VtblCall VtblCall VtblCall VtblCall VtblCall VtblCall VtblCall VtblCall VtblCall VtblCall VtblCall VtblCall VtblCall VtblCall VtblCall VtblCall VtblCall VtblCall VtblCall VtblCall VtblCall VtblCall VtblCall VtblCall VtblCall VtblCall VtblCall VtblCall VtblCall VtblCall VtblCall VtblCall VtblCall VtblCall VtblCall VtblCall VtblCall WriteClassStg CreateStdAccessibleObject LresultFromObject VtblCall VtblCall VtblCall VtblCall","Pattern":"dispose isDisposed toString","Table":"_getItem addSelectionListener callWindowProc callWindowProc checkStyle checkData checkSubclass clear clear clear clearAll computeSize createHandle createItem createItem createWidget defaultBackground deselect deselect deselect deselectAll destroyItem destroyItem fixCheckboxImageList getBackgroundPixel getColumn getColumnCount getColumnOrder getColumns getFocusIndex getForegroundPixel getGridLineWidth getHeaderHeight getHeaderVisible getItem getItem getItemCount getItemHeight getItems getLinesVisible getSelection getSelectionCount getSelectionIndex getSelectionIndices getTopIndex imageIndex indexOf indexOf isSelected releaseWidget remove remove remove removeAll removeSelectionListener select select select selectAll sendMouseDownEvent setBackgroundPixel setBounds setColumnOrder setCheckboxImageListColor setCheckboxImageList setFocusIndex setFont setForegroundPixel setHeaderVisible setItemCount setItemHeight setLinesVisible setRedraw setScrollWidth setSelection setSelection setSelection setSelection setTableEmpty setTopIndex showColumn showItem showItem showSelection toolTipText updateMoveable widgetStyle windowClass windowProc WM_CHAR WM_ERASEBKGND WM_GETOBJECT WM_KEYDOWN WM_KILLFOCUS WM_LBUTTONDBLCLK WM_LBUTTONDOWN WM_MOUSEHOVER WM_PAINT WM_NOTIFY WM_RBUTTONDBLCLK WM_RBUTTONDOWN WM_SETFOCUS WM_SYSCOLORCHANGE WM_VSCROLL wmNotifyChild","Sash":"addSelectionListener callWindowProc checkStyle computeSize drawBand removeSelectionListener windowClass windowProc WM_ERASEBKGND WM_KEYDOWN WM_GETDLGCODE WM_LBUTTONDOWN WM_LBUTTONUP WM_MOUSEMOVE WM_SETCURSOR","PrintDialog":"getScope setScope getStartPage setStartPage getEndPage setEndPage getPrintToFile setPrintToFile checkSubclass open","StyledTextRenderer":"calculateLineHeight dispose disposeGC drawLine drawLineBreakSelection getClientArea getContent getDevice getBaseline getBidiSegments getFont getFontData getGC getHorizontalPixel getLeftMargin getLineEndSpaceWidth getLineBackgroundData getLineHeight getLineStyleData getLineStyleData getOrientation getRightMargin getSelectionForeground getSelectionBackground getSelection getVisualLineStyleData getWordWrap isFullLineSelection setTabLength getTextLayout createTextLayout disposeTextLayout","MouseAdapter":"mouseDoubleClick mouseDown mouseUp","SWT_AWT":"getAWTHandle loadLibrary initializeSwing new_Frame new_Shell","MenuAdapter":"menuHidden menuShown","DefaultContent":"addLineIndex addLineIndex addTextChangeListener adjustGap indexLines isDelimiter isValidReplace indexLines insert moveAndResizeGap lineCount lineCount getCharCount getLine getLineDelimiter getFullLine getPhysicalLine getLineCount getLineAtOffset getLineAtPhysicalOffset getOffsetAtLine expandLinesBy error gapExists getPhysicalText getTextRange removeTextChangeListener replaceTextRange sendTextEvent setText delete","Text":"callWindowProc createHandle addModifyListener addSelectionListener addVerifyListener append checkStyle clearSelection computeSize computeTrim copy createWidget cut defaultBackground fixAlignment getBorderWidth getCaretLineNumber getCaretLocation getCaretPosition getCharCount getDoubleClickEnabled getEchoChar getEditable getLineCount getLineDelimiter getLineHeight getOrientation getSelection getSelectionCount getSelectionText getTabs getTabWidth getText getText getTextLimit getTopIndex getTopPixel insert mbcsToWcsPos paste removeModifyListener removeSelectionListener removeVerifyListener selectAll sendKeyEvent setBounds setDoubleClickEnabled setEchoChar setEditable setFont setOrientation setSelection setSelection setRedraw setSelection setTabs setTabStops setText setTextLimit setTopIndex showSelection verifyText wcsToMbcsPos widgetStyle windowClass windowProc windowProc WM_CHAR WM_CLEAR WM_CUT WM_GETDLGCODE WM_IME_CHAR WM_LBUTTONDBLCLK WM_LBUTTONDOWN WM_PASTE WM_UNDO wmClipboard wmCommandChild","ImageList":"add addRef copyBitmap copyIcon copyWithAlpha createMask dispose get getStyle getHandle getImageSize indexOf put remove removeRef set size","Tray":"createItem destroyItem getItem getItemCount getItems releaseChild releaseWidget","TIFFRandomFileAccess":"seek read","IOleObject":"Advise Close DoVerb GetExtent SetClientSite SetExtent SetHostNames Update","ITypeInfo":"GetDocumentation GetFuncDesc GetIDsOfNames GetImplTypeFlags GetNames GetRefTypeInfo GetRefTypeOfImplType GetTypeAttr GetVarDesc ReleaseFuncDesc ReleaseTypeAttr ReleaseVarDesc","IOleInPlaceActiveObject":"TranslateAccelerator ResizeBorder","Clipboard":"checkSubclass checkWidget clearContents clearContents dispose getContents getContents isDisposed setContents setContents AddRef createCOMInterfaces disposeCOMInterfaces EnumFormatEtc GetData QueryGetData QueryInterface Release getAvailableTypes getAvailableTypes getAvailableTypeNames _getAvailableTypes","Transform":"checkTransform dispose getElements invert isDisposed isIdentity multiply rotate scale setElements transform translate toString","TitleListener":"changed","CTabFolderAdapter":"itemClosed","TraverseEvent":"toString","TreeItem":"checkNull checkSubclass getBackground getBackground getBounds getBounds getBounds getChecked getExpanded getFont getFont getForeground getForeground getGrayed getItem getItemCount getItems getImage getImageBounds getParent getParentItem getText indexOf redraw redraw releaseChild releaseHandle releaseWidget removeAll setBackground setBackground setChecked setExpanded setFont setFont setForeground setForeground setGrayed setImage setImage setImage setText setText setText","MouseTrackListener":"mouseEnter mouseExit mouseHover","MouseTrackAdapter":"mouseEnter mouseExit mouseHover","Printer":"getPrinterList getDefaultPrinterData checkNull create internal_new_GC internal_dispose_GC startJob endJob cancelJob startPage endPage getDPI getBounds getClientArea computeTrim getPrinterData checkDevice release destroy","Cursor":"dispose equals hashCode isDisposed toString win32_new","OleEnumFORMATETC":"AddRef createCOMInterfaces disposeCOMInterfaces getAddress getNextItems Next QueryInterface Release Reset setFormats Skip","PngIendChunk":"validate","IOleDocumentView":"SetInPlaceSite SetRect Show UIActivate","SWTException":"getCause getMessage printStackTrace","CLayoutData":"computeSize flushCache","Tree":"checkStyle _getBackgroundPixel _setBackgroundPixel addSelectionListener addTreeListener borderHandle callWindowProc checkHandle checkScroll checkSubclass computeSize createHandle createItem createItem createParent createWidget defaultBackground deregister deselectAll destroyItem destroyItem enableWidget findItem getBackgroundPixel getForegroundPixel getGridLineWidth getHeaderHeight getHeaderVisible getImageSize getColumn getColumnCount getColumns getItem getItem getItemCount getItemCount getItemHeight getItems getItems getLinesVisible getParentItem getSelection getSelectionCount getTopItem imageIndex indexOf indexOf indexOf register releaseItem releaseItems releaseHandle releaseWidget removeAll removeSelectionListener removeTreeListener setInsertMark setLinesVisible scrolledHandle selectAll setBackgroundPixel setBounds setCursor setCheckboxImageList setForegroundPixel setHeaderVisible setRedraw setScrollWidth setSelection setTopItem showItem showColumn showItem showSelection showWidget toolTipText topHandle updateScrollBar widgetStyle windowClass windowProc windowProc WM_CHAR WM_GETOBJECT WM_KEYDOWN WM_KILLFOCUS WM_LBUTTONDBLCLK WM_LBUTTONDOWN WM_MOVE WM_NOTIFY WM_RBUTTONDOWN WM_PRINTCLIENT WM_SETFOCUS WM_SETFONT WM_SIZE WM_SYSCOLORCHANGE wmColorChild wmNotifyChild","BusyIndicator":"showWhile","JPEGFixedSizeSegment":"fixedSize getSegmentLength setSegmentLength","URLTransfer":"getInstance javaToNative nativeToJava getTypeIds getTypeNames checkURL validate","StyledText":"cacheBidiSegments cacheLineBackground cacheLineData cacheLineStyle copyContent createPrinterColors dispose endPage initializeRenderer getPrinterColor print printDecoration printDecorationSegment run startPage close getColorIndex setUnicode write writeHeader writeLine writeLineDelimiter writeStyledLine close getCharCount getStart isClosed toString write write write write writeLine writeLineDelimiter calculate getWidth redrawReset reset textChanged calculate calculateVisible contentWidth expandLines getWidth linesChanged redrawReset reset textChanged calculate getWidth redrawReset reset textChanged run addExtendedModifyListener setKeyBinding addBidiSegmentListener addLineBackgroundListener addLineStyleListener addModifyListener addSelectionListener addVerifyKeyListener addVerifyListener append calculateContentWidth calculateScrollBars calculateTopIndex checkStyle claimBottomFreeSpace claimRightFreeSpace clearMargin clearSelection computeSize copy copy getModelDelimitedText createKeyBindings createCaretBitmaps cut doAutoScroll doAutoScroll doBackspace doContent doContentEnd doContentStart doCursorPrevious doCursorNext doDelete doDeleteWordNext doDeleteWordPrevious doLineDown doLineEnd doLineStart doLineUp doMouseLocationChange doMouseSelection doMouseWordSelect doPageDown doPageEnd doPageStart doPageUp doSelection doSelectionCursorNext doSelectionCursorPrevious doSelectionLineDown doSelectionLineUp doSelectionPageDown doSelectionPageUp doSelectionWordNext doSelectionWordPrevious doVisualPrevious doVisualNext doWordNext doWordPrevious draw endAutoScroll getBackground getBaseline getBidiColoring getBottomIndex getCaretOffset getOffsetAtX getCaretWidth getClipboardContent getClusterNext getClusterPrevious getContent getDoubleClickEnabled getEditable getForeground getGC getHorizontalIncrement getHorizontalIndex getHorizontalPixel getKeyBinding getCharCount getLineBackground getLineBackgroundData getLineCount getLineCountWhole getLineAtOffset getLineDelimiter sendLineEvent getLineHeight getLineCache getLineStyleData getLocationAtOffset getOffsetAtLine getOffsetAtLocation getOffsetAtMouseLocation getOrientation getPartialBottomIndex getPlatformDelimitedText getSelection getSelectionRange getSelectionBackground getSelectionCount getSelectionForeground getSelectionText getStyle getBidiSegments getBidiSegmentsCompatibility getStyleRangeAtOffset getStyleRanges getStyleRanges getTabs getText getText getTextBounds getTextRange getTextLimit getTopIndex getTopPixel getVerticalIncrement getCaretDirection getCaretLine getWordEnd getWordEndNoSpaces getWordStart getWordWrap getXAtOffset insert installDefaultContent installDefaultLineStyler installListeners internalGetContent internalGetHorizontalPixel internalGetLineCache internalGetSelection internalGetWordWrap internalRedraw internalRedrawRange getRtf handleDispose handleHorizontalScroll handleKey handleKeyDown handleKeyUp handleMouseDoubleClick handleMouseDown handleMouseMove handleMouseUp handlePaint handleResize handleTextChanged handleTextChanging handleTextSet handleTraverse handleVerticalScroll initializeAccessible initializeRenderer invokeAction isBidi isLineDelimiter isMirrored isAreaVisible isSingleLine modifyContent paste performPaint print print print redraw redraw redrawLine redrawLines redrawMultiLineChange redrawRange removeBidiSegmentListener removeExtendedModifyListener removeLineBackgroundListener removeLineStyleListener removeModifyListener removeSelectionListener removeVerifyListener removeVerifyKeyListener replaceStyleRanges replaceTextRange reset resetSelection scrollHorizontal scrollHorizontalBar selectAll sendKeyEvent sendModifyEvent sendSelectionEvent setWordWrap setCaret setBackground setBidiColoring setCaretLocation setCaretLocation setCaretOffset setClipboardContent setContent setCursor setDoubleClickEnabled setEditable setFont setForeground setHorizontalIndex setHorizontalPixel setHorizontalScrollBar setLineBackground setMouseWordSelectionAnchor setOrientation setScrollBars setSelection setSelection setSelectionBackground setSelectionForeground setSelection setSelectionRange internalSetSelection setStyleRange setStyleRanges setTabs setText setTextLimit setTopIndex setTopPixel setVerticalScrollOffset showLocation showCaret showCaret showOffset showSelection isBidiCaret updateSelection wordWrapResize","Device":"getDevice checkDevice checkGDIP create computePixels computePoints destroy dispose dispose_Object EnumFontFamProc getBounds getDeviceData getClientArea getDepth getDPI getFontList getLastError getLastErrorText getSystemColor getSystemFont getWarnings init internal_new_GC internal_dispose_GC isDisposed new_Object release setWarnings","LocationAdapter":"changing changed","Resource":"dispose isDisposed","DropTargetEvent":"updateEvent","PngIdatChunk":"validate getDataByteAtOffset","EventTable":"hook hooks sendEvent size remove unhook unhook","MouseMoveListener":"mouseMove","FillData":"computeSize flushCache","IDispatch":"GetIDsOfNames GetTypeInfo GetTypeInfoCount Invoke","IOleControl":"GetControlInfo","Library":"parseVersion JAVA_VERSION SWT_VERSION loadLibrary","IOleWindow":"GetWindow","DropTarget":"handleEvent handleEvent checkStyle addDropListener AddRef checkSubclass createCOMInterfaces disposeCOMInterfaces DragEnter DragLeave DragOver Drop getControl getOperationFromKeyState getTransfer notifyListeners onDispose opToOs osToOp QueryInterface Release removeDropListener setEventData setTransfer","OleEventSink":"connect addListener AddRef createCOMInterfaces disconnect disposeCOMInterfaces Invoke notifyListener QueryInterface Release removeListener hasListeners","ScrollBar":"addSelectionListener checkStyle createWidget dispose getBounds getEnabled getIncrement getMaximum getMinimum getPageIncrement getParent getSelection getSize getThumb getVisible hwndScrollBar isEnabled isVisible releaseChild releaseWidget removeSelectionListener scrollBarType setEnabled setIncrement setMaximum setMinimum setPageIncrement SetScrollInfo setSelection setThumb setValues setVisible wmScrollChild","DisposeListener":"widgetDisposed","CTabFolderLayout":"computeSize flushCache layout","LEDataInputStream":"close getPosition available read read readData readInt readShort unread","OleAutomation":"dispose getAddress getHelpFile getDocumentation getPropertyDescription getFunctionDescription getTypeInfoAttributes getName getNames getIDsOfNames getLastError getProperty getProperty getProperty invoke invoke invoke invoke invokeNoReply invokeNoReply invokeNoReply manageExcepinfo setProperty setProperty","KeyEvent":"toString","JPEGHuffmanTable":"getAllTables getDefaultACChrominanceTable getDefaultACLuminanceTable getDefaultDCChrominanceTable getDefaultDCLuminanceTable getDhMaxCodes getDhMinCodes getDhValPtrs getDhValues getTableClass getTableIdentifier initialize signature","ColorDialog":"CCHookProc getRGB open setRGB","Monitor":"equals getBounds getClientArea hashCode","WinBMPFileFormat":"compress compressRLE4Data compressRLE8Data decompressData decompressRLE4Data decompressRLE8Data isFileFormat loadData loadData loadFileHeader loadFromByteStream loadPalette paletteFromBytes paletteToBytes unloadData unloadDataNoCompression unloadIntoByteStream flipScanLines","DragUnderEffect":"show","NoDragUnderEffect":"show","IConnectionPointContainer":"FindConnectionPoint","ToolItem":"addSelectionListener checkStyle checkSubclass click createDisabledImage getBounds getControl getDisabledImage getEnabled getHotImage getParent getSelection getToolTipText getWidth isEnabled releaseChild releaseWidget releaseImages removeSelectionListener resizeControl selectRadio setControl setEnabled setDisabledImage setHotImage setImage setRadioSelection setSelection setText setToolTipText setWidth updateImages widgetStyle wmCommandChild","DirectoryDialog":"BrowseCallbackProc getFilterPath getMessage open setFilterPath setMessage","ShellAdapter":"shellActivated shellClosed shellDeactivated shellDeiconified shellIconified","PaintEvent":"toString","CTabFolder2Adapter":"close minimize maximize restore showList","OS":"VERSION CallWindowProc CharUpper CharLower ChooseColor ChooseFont CreateAcceleratorTable CreateDC CreateFontIndirect CreateFontIndirect CreateWindowEx DefMDIChildProc DefFrameProc DefWindowProc DispatchMessage DragQueryFile DrawState DrawText EnumFontFamilies EnumFontFamiliesEx EnumSystemLocales EnumSystemLanguageGroups ExpandEnvironmentStrings ExtractIconEx ExtTextOut FindWindow FormatMessage GetCharABCWidths GetCharacterPlacement GetCharWidth GetClassInfo GetClassName GetClipboardFormatName GetKeyNameText GetLocaleInfo GetMenuItemInfo GetMessage GetModuleHandle GetMonitorInfo GetObject GetObject GetObject GetObject GetObject GetObject GetObject GetOpenFileName GetProfileString GetProp GetSaveFileName GetTextExtentPoint32 GetTextMetrics GetVersionEx GetWindowLong GetWindowText GetWindowTextLength GlobalAddAtom ImmGetCompositionFont ImmSetCompositionFont ImmGetCompositionString InsertMenu InsertMenuItem LoadBitmap LoadCursor LoadIcon LoadImage LoadImage LoadLibrary LoadString MapVirtualKey MessageBox MoveMemory MoveMemory MoveMemory MoveMemory MoveMemory MoveMemory MoveMemory PeekMessage PostMessage PostThreadMessage PrintDlg RegEnumKeyEx RegisterClass RegisterClipboardFormat RegisterWindowMessage RegOpenKeyEx RegQueryInfoKey RegQueryValueEx RegQueryValueEx RemoveProp SendMessage SendMessage SendMessage SendMessage SendMessage SendMessage SendMessage SendMessage SendMessage SendMessage SendMessage SendMessage SendMessage SendMessage SendMessage SendMessage SendMessage SendMessage SendMessage SendMessage SendMessage SendMessage SendMessage SendMessage SendMessage SetMenuItemInfo SetProp SetWindowLong SetWindowsHookEx SetWindowText SHBrowseForFolder ShellExecuteEx Shell_NotifyIcon SHGetPathFromIDList StartDoc SystemParametersInfo SystemParametersInfo SystemParametersInfo SystemParametersInfo TranslateAccelerator UnregisterClass VkKeyScan AbortDoc ActivateKeyboardLayout AdjustWindowRectEx AlphaBlend Arc BeginDeferWindowPos BeginPaint BeginPath BitBlt BringWindowToTop Call CallNextHookEx CallWindowProcW CallWindowProcA CharLowerW CharLowerA CharUpperW CharUpperA CheckMenuItem ChooseColorW ChooseColorA ChooseFontW ChooseFontA ClientToScreen CloseClipboard CloseThemeData CoCreateInstance CombineRgn CommandBar_AddAdornments CommandBar_Create CommandBar_Destroy CommandBar_DrawMenuBar CommandBar_Height CommandBar_InsertMenubarEx CommandBar_Show CommDlgExtendedError CopyImage CreateAcceleratorTableW CreateAcceleratorTableA CreateBitmap CreateCaret CreateCompatibleBitmap CreateCompatibleDC CreateCursor CreateDCW CreateDCA CreateDIBSection CreateFontIndirectW CreateFontIndirectA CreateFontIndirectW CreateFontIndirectA CreateIconIndirect CreateMenu CreatePalette CreatePatternBrush CreatePen CreatePolygonRgn CreatePopupMenu CreateRectRgn CreateSolidBrush CreateStreamOnHGlobal CreateWindowExW CreateWindowExA DeferWindowPos DefMDIChildProcW DefMDIChildProcA DefFrameProcW DefFrameProcA DefWindowProcW DefWindowProcA DeleteDC DeleteMenu DeleteObject DestroyAcceleratorTable DestroyCaret DestroyCursor DestroyIcon DestroyMenu DestroyWindow DispatchMessageW DispatchMessageA DragDetect DragFinish DragQueryFileA DragQueryFileW DrawEdge DrawFocusRect DrawFrameControl DrawIconEx DrawMenuBar DrawStateW DrawStateA DrawTextW DrawTextA DrawThemeBackground Ellipse EnableMenuItem EnableScrollBar EnableWindow EnumSystemLanguageGroupsW EnumSystemLanguageGroupsA EnumSystemLocalesW EnumSystemLocalesA EndDeferWindowPos EndDoc EndPage EndPaint EndPath EnumDisplayMonitors EnumFontFamiliesW EnumFontFamiliesA EnumFontFamiliesExW EnumFontFamiliesExA EqualRect EqualRgn ExcludeClipRect ExpandEnvironmentStringsW ExpandEnvironmentStringsA ExtCreatePen ExtCreateRegion ExtTextOutW ExtTextOutA ExtractIconExW ExtractIconExA FillRect FillPath FindWindowA FindWindowW FormatMessageA FormatMessageW FreeLibrary GdiSetBatchLimit GetACP GetActiveWindow GetBkColor GetCapture GetCaretPos GetCharABCWidthsA GetCharABCWidthsW GetCharacterPlacementW GetCharacterPlacementA GetCharWidthA GetCharWidthW GetClassInfoW GetClassInfoA GetClassNameW GetClassNameA GetClientRect GetClipboardData GetClipboardFormatNameA GetClipboardFormatNameW GetClipBox GetClipRgn GetComboBoxInfo GetCurrentObject GetCurrentProcessId GetCurrentThreadId GetCursor GetCursorPos GetDC GetDCEx GetDesktopWindow GetDeviceCaps GetDialogBaseUnits GetDIBColorTable GetDIBits GetDlgItem GetDoubleClickTime GetFocus GetFontLanguageInfo GetForegroundWindow GetGUIThreadInfo GetIconInfo GetKeyboardLayoutList GetKeyboardLayout GetKeyState GetKeyboardState GetKeyNameTextW GetKeyNameTextA GetLastActivePopup GetLastError GetLayout GetLibraryHandle GetLocaleInfoW GetLocaleInfoA GetMenu GetMenuBarInfo GetMenuDefaultItem GetMenuInfo GetMenuItemCount GetMenuItemInfoW GetMenuItemInfoA GetMenuItemRect GetMessageW GetMessageA GetMessagePos GetMessageTime GetMetaRgn GetTextCharset GetTickCount GetModuleHandleW GetModuleHandleA GetMonitorInfoW GetMonitorInfoA GetNearestPaletteIndex GetObjectA GetObjectW GetObjectA GetObjectW GetObjectA GetObjectW GetObjectA GetObjectW GetObjectA GetObjectW GetObjectA GetObjectW GetObjectA GetObjectW GetOpenFileNameW GetOpenFileNameA GetPaletteEntries GetParent GetPixel GetPolyFillMode GetProcAddress GetProcessHeap GetProfileStringW GetProfileStringA GetPropW GetPropA GetRandomRgn GetRegionData GetRgnBox GetROP2 GetSaveFileNameW GetSaveFileNameA GetScrollInfo GetStockObject GetSysColor GetSysColorBrush GetSystemDefaultUILanguage GetSystemMenu GetSystemMetrics GetSystemPaletteEntries GetTextColor GetTextExtentPoint32W GetTextExtentPoint32A GetTextMetricsW GetTextMetricsA GetUpdateRect GetUpdateRgn GetVersionExW GetVersionExA GetWindow GetWindowLongW GetWindowLongA GetWindowOrgEx GetWindowPlacement GetWindowRect GetWindowRgn GetWindowTextW GetWindowTextA GetWindowTextLengthW GetWindowTextLengthA GetWindowThreadProcessId GetWorldTransform GlobalAddAtomW GlobalAddAtomA GlobalAlloc GlobalFree GlobalLock GlobalSize GlobalUnlock GradientFill HeapAlloc HeapFree HideCaret IIDFromString ImageList_Add ImageList_AddMasked ImageList_Create ImageList_Destroy ImageList_GetIcon ImageList_GetIconSize ImageList_GetImageCount ImageList_Remove ImageList_Replace ImageList_ReplaceIcon ImageList_SetIconSize ImmAssociateContext ImmCreateContext ImmDestroyContext ImmDisableTextFrameService ImmGetCompositionFontW ImmGetCompositionFontA ImmGetCompositionStringW ImmGetCompositionStringA ImmGetContext ImmGetConversionStatus ImmGetDefaultIMEWnd ImmGetOpenStatus ImmReleaseContext ImmSetCompositionFontW ImmSetCompositionFontA ImmSetCompositionWindow ImmSetConversionStatus ImmSetOpenStatus InitCommonControls InitCommonControlsEx InsertMenuW InsertMenuA InsertMenuItemW InsertMenuItemA IntersectClipRect IntersectRect InvalidateRect InvalidateRgn IsAppThemed IsDBCSLeadByte IsHungAppWindow IsIconic IsPPC IsSP IsWindowEnabled IsWindowVisible IsZoomed KillTimer LineTo LoadBitmapW LoadBitmapA LoadCursorW LoadCursorA LoadIconW LoadIconA LoadImageW LoadImageA LoadImageW LoadImageA LoadStringW LoadStringA LoadLibraryW LoadLibraryA LocalFree MapVirtualKeyW MapVirtualKeyA MapWindowPoints MapWindowPoints MessageBeep MessageBoxW MessageBoxA MonitorFromWindow MoveMemory MoveMemory MoveMemory MoveMemory MoveMemory MoveMemory MoveMemory MoveMemory MoveMemory MoveMemory MoveMemory MoveMemory MoveMemory MoveMemory MoveMemory MoveMemory MoveMemory MoveMemory MoveMemory MoveMemory MoveMemory MoveMemory MoveMemory MoveMemory MoveMemory MoveMemory MoveMemory MoveMemory MoveMemory MoveMemory MoveMemory MoveMemory MoveMemory MoveMemory MoveMemory MoveMemory MoveMemory MoveMemory MoveMemory MoveMemory MoveMemory MoveMemory MoveMemory MoveMemory MoveMemory MoveMemory MoveMemory MoveMemory MoveMemory MoveMemory MoveMemory MoveMemory MoveMemory MoveMemory MoveMemory MoveMemory MoveMemory MoveMemory MoveMemory MoveMemory MoveMemory MoveMemory MoveMemory MoveMemory MoveMemory MoveMemory MoveMemory MoveMemory MoveMemory MoveMemory MoveToEx MsgWaitForMultipleObjectsEx MultiByteToWideChar MultiByteToWideChar NotifyWinEvent OffsetRect OffsetRgn OleInitialize OleUninitialize OpenClipboard OpenThemeData PatBlt PeekMessageW PeekMessageA Pie Polygon Polyline PostMessageW PostMessageA PostThreadMessageW PostThreadMessageA PRIMARYLANGID PrintDlgW PrintDlgA PtInRect PtInRegion RealizePalette Rectangle RectInRegion RedrawWindow RegCloseKey RegisterClassW RegisterClassA RegisterWindowMessageW RegisterWindowMessageA RegEnumKeyExW RegisterClipboardFormatA RegisterClipboardFormatW RegOpenKeyExW RegQueryInfoKeyW RegQueryValueExW RegQueryValueExW RegEnumKeyExA RegOpenKeyExA RegQueryInfoKeyA RegQueryValueExA RegQueryValueExA ReleaseCapture ReleaseDC RemoveMenu RemovePropA RemovePropW RestoreDC RoundRect SaveDC ScreenToClient ScriptBreak ScriptGetProperties ScriptCacheGetHeight ScriptCPtoX ScriptFreeCache ScriptGetFontProperties ScriptGetLogicalWidths ScriptItemize ScriptLayout ScriptPlace ScriptShape ScriptTextOut ScriptXtoCP ScrollWindowEx SelectClipRgn SelectObject SelectPalette SendInput SendMessageW SendMessageW SendMessageW SendMessageW SendMessageW SendMessageW SendMessageW SendMessageW SendMessageW SendMessageW SendMessageW SendMessageW SendMessageW SendMessageW SendMessageW SendMessageW SendMessageW SendMessageW SendMessageW SendMessageW SendMessageW SendMessageW SendMessageW SendMessageW SendMessageW SendMessageA SendMessageA SendMessageA SendMessageA SendMessageA SendMessageA SendMessageA SendMessageA SendMessageA SendMessageA SendMessageA SendMessageA SendMessageA SendMessageA SendMessageA SendMessageA SendMessageA SendMessageA SendMessageA SendMessageA SendMessageA SendMessageA SendMessageA SendMessageA SendMessageA SetActiveWindow SetBkColor SetBkMode SetCapture SetCaretPos SetClipboardData SetCursor SetCursorPos SetDIBColorTable SetErrorMode SetFocus SetForegroundWindow SetGraphicsMode SetLayout SetMenu SetMenuDefaultItem SetMenuInfo SetMenuItemInfoW SetMenuItemInfoA SetMetaRgn SetPaletteEntries SetParent SetPixel SetPolyFillMode SetRect SetRectRgn SetROP2 SetScrollInfo SetStretchBltMode SetPropW SetPropA SetTextAlign SetTextColor SetTimer SetWindowLongW SetWindowLongA SetWindowOrgEx SetWindowPlacement SetWindowPos SetWindowRgn SetWindowTextW SetWindowTextA SetWindowsHookExW SetWindowsHookExA SetWorldTransform SHBrowseForFolderW SHBrowseForFolderA SHCreateMenuBar SHHandleWMSettingChange SHRecognizeGesture SHSendBackToFocusWindow SHSipPreference ShellExecuteExW ShellExecuteExA Shell_NotifyIconA Shell_NotifyIconW SHGetMalloc SHGetPathFromIDListW SHGetPathFromIDListA SHSetAppKeyWndAssoc ShowCaret ShowOwnedPopups ShowScrollBar ShowWindow SipGetInfo StartDocW StartDocA StartPage StretchBlt StrokePath SystemParametersInfoW SystemParametersInfoA SystemParametersInfoW SystemParametersInfoA SystemParametersInfoW SystemParametersInfoA SystemParametersInfoW SystemParametersInfoA ToAscii ToUnicode TrackMouseEvent TrackPopupMenu TranslateAcceleratorW TranslateAcceleratorA TranslateCharsetInfo TranslateMDISysAccel TranslateMessage TransparentBlt TransparentImage UnhookWindowsHookEx UnregisterClassW UnregisterClassA UpdateWindow ValidateRect VkKeyScanW VkKeyScanA VtblCall VtblCall VtblCall VtblCall WaitMessage WideCharToMultiByte WideCharToMultiByte WindowFromDC WindowFromPoint strlen wcslen","OleControlSite":"addEventListener getDefaultEventSinkGUID addEventListener addEventListener addObjectReferences addPropertyListener connectPropertyChangeSink createCOMInterfaces disconnectEventSinks disconnectPropertyChangeSink disposeCOMInterfaces getBackground getFont getForeground getLicenseInfo getSiteProperty GetWindow Invoke OnControlInfoChanged onFocusIn onFocusOut OnFocus OnUIDeactivate QueryInterface Release releaseObjectInterfaces removeEventListener removeEventListener removeEventListener removeEventListener removePropertyListener setBackground setFont setForeground setSiteProperty","SelectionAdapter":"widgetSelected widgetDefaultSelected","BidiSegmentListener":"lineGetSegments","Scale":"addSelectionListener callWindowProc checkStyle computeSize createHandle defaultForeground getIncrement getMaximum getMinimum getPageIncrement getSelection removeSelectionListener setBackgroundPixel setIncrement setMaximum setMinimum setPageIncrement setSelection widgetStyle windowClass windowProc wmScrollChild","Point":"equals hashCode toString","IStorage":"Commit CopyTo CreateStorage CreateStream DestroyElement EnumElements OpenStorage OpenStream RenameElement Revert SetClass","ImageDataLoader":"load load","SashForm":"handleEvent checkStyle getOrientation getStyle getMaximizedControl getWeights getControls onDragSash setOrientation setBackground setForeground setLayout setMaximizedControl setWeights","Callback":"PTR_sizeof bind dispose getAddress getPlatform getEntryCount getSignature setEnabled getEnabled ignoreCallbacks reset unbind","TableTreeEditor":"run treeCollapsed treeExpanded controlMoved controlResized computeBounds dispose getColumn getItem setColumn setItem setEditor resize","IViewObject2":"GetExtent SetAdvise","OleClientSite":"handleEvent addObjectReferences AddRef CanInPlaceActivate ContextSensitiveHelp createCOMInterfaces createTempStorage deactivateInPlaceClient deleteTempStorage disposeCOMInterfaces doVerb exec getAutomationObject getClassID GetContainer getExtent getIndent getProgramID ActivateMe GetWindow getRect GetWindowContext isDirty isFocusControl OnClose OnDataChange onDispose onFocusIn onFocusOut OnInPlaceActivate OnInPlaceDeactivate OnPosRectChange onPaint onResize OnSave OnShowWindow OnUIActivate OnUIDeactivate onTraverse OnViewChange QueryInterface queryStatus Release releaseObjectInterfaces save saveFromContents saveFromOle10Native SaveObject saveToStorageFile saveToTraditionalFile Scroll setBorderSpace setExtent setIndent setObjectRects ShowObject showProperties updateStorage xFormHimetricToPixels xFormPixelsToHimetric","IOleLink":"BindIfRunning GetSourceMoniker","ImageLoader":"reset load load save save addImageLoaderListener removeImageLoaderListener hasListeners notifyListeners","FileDialog":"getFileName getFileNames getFilterExtensions getFilterNames getFilterPath open setFileName setFilterExtensions setFilterNames setFilterPath","PopupList":"handleEvent controlMoved controlResized mouseDoubleClick mouseDown mouseUp keyReleased keyPressed checkStyle getFont getItems getMinimumWidth open select setFont setItems setMinimumWidth"}